INSERT INTO payment_methods(pm_name) VALUES ("Cash on delivery");
INSERT INTO payment_methods(pm_name) VALUES ("Credit card");
INSERT INTO shipping_methods(sm_name) VALUES ("Home delivery");
INSERT INTO shipping_methods(sm_name) VALUES ("Personal receipt");
INSERT INTO shipping_price(price,amount_min,amount_max,shipping_method) VALUES (0,0,99999999,1);
INSERT INTO shipping_price(price,amount_min,amount_max,shipping_method) VALUES (1600,0,100000,2);
INSERT INTO shipping_price(price,amount_min,amount_max,shipping_method) VALUES (890,100001,200000,2);
INSERT INTO shipping_price(price,amount_min,amount_max,shipping_method) VALUES (0,200001,99999999,2);
INSERT INTO product_types(product_type_name) VALUES ("Bluetooth hangszórók");
INSERT INTO product_types(product_type_name) VALUES ("Kültéri hangsugárzók");
INSERT INTO product_types(product_type_name) VALUES ("Fülhallgatók - vezetékes");
INSERT INTO product_types(product_type_name) VALUES ("Fülhallgatók - vezeték nélküli");
INSERT INTO product_types(product_type_name) VALUES ("Fejhallgatók - vezeték nélküli");
INSERT INTO product_types(product_type_name) VALUES ("Fejhallgatók - vezetékes");
INSERT INTO product_types(product_type_name) VALUES ("Autó erősítők");
INSERT INTO product_types(product_type_name) VALUES ("Autó hangszóró");
INSERT INTO product_types(product_type_name) VALUES ("Hangprojektorok");
INSERT INTO product_types(product_type_name) VALUES ("Fülhallgatók - True Wireless");
INSERT INTO product_types(product_type_name) VALUES ("Gamer fejhallgatók");
INSERT INTO product_types(product_type_name) VALUES ("Mélyládák");
INSERT INTO product_types(product_type_name) VALUES ("Ébresztőórák");
INSERT INTO product_types(product_type_name) VALUES ("Befőző edények");
INSERT INTO product_types(product_type_name) VALUES ("Borhűtők");
INSERT INTO product_types(product_type_name) VALUES ("Botmixerek");
INSERT INTO product_types(product_type_name) VALUES ("Desszert készítés");
INSERT INTO product_types(product_type_name) VALUES ("Egyéb");
INSERT INTO product_types(product_type_name) VALUES ("Elektromos grillek");
INSERT INTO product_types(product_type_name) VALUES ("Eszpresszó kávéfőzők");
INSERT INTO product_types(product_type_name) VALUES ("Filteres kávéfőzők");
INSERT INTO product_types(product_type_name) VALUES ("Fóliák");
INSERT INTO product_types(product_type_name) VALUES ("Gorfi sütők");
INSERT INTO product_types(product_type_name) VALUES ("Gőztisztítók");
INSERT INTO product_types(product_type_name) VALUES ("Gyümölcscentrifugák");
INSERT INTO product_types(product_type_name) VALUES ("Hajszárítók");
INSERT INTO product_types(product_type_name) VALUES ("Hűtőszekrények");
INSERT INTO product_types(product_type_name) VALUES ("Kávédarálók");
INSERT INTO product_types(product_type_name) VALUES ("Kávéfőzők");
INSERT INTO product_types(product_type_name) VALUES ("Kenyérpirítók");
INSERT INTO product_types(product_type_name) VALUES ("Kézi mixerek");
INSERT INTO product_types(product_type_name) VALUES ("Légkeveréses sütők");
INSERT INTO product_types(product_type_name) VALUES ("Mikrohullámú sütők");
INSERT INTO product_types(product_type_name) VALUES ("Mini sütők");
INSERT INTO product_types(product_type_name) VALUES ("Morzsa porszívók");
INSERT INTO product_types(product_type_name) VALUES ("Szeletelők");
INSERT INTO product_types(product_type_name) VALUES ("Szendvicssütők");
INSERT INTO product_types(product_type_name) VALUES ("Turmixgépek");
INSERT INTO product_types(product_type_name) VALUES ("Vákuumfóliázók");
INSERT INTO product_types(product_type_name) VALUES ("Vízforralók");
INSERT INTO vendors(vendor_name) VALUES ("JBL");
INSERT INTO vendors(vendor_name) VALUES ("Severin");
INSERT INTO products(name,vendor,description,tax,price,sale_price,product_type,category_id,on_sale,in_stock) VALUES ("JBL GO 2 hordozható bluetooth hangszóró - fekete",1,"Vezeték nélküli Bluetooth streaming, Beépítettt, tölthető akkumulátor, Vízálló kivitel, IPX7, Kihangosító, AUX bemenet","AFA",12900,10900,1,1,1,1);
INSERT INTO products(name,vendor,description,tax,price,sale_price,product_type,category_id,on_sale,in_stock) VALUES ("JBL GO 2 hordozható bluetooth hangszóró - kék",1,"Vezeték nélküli Bluetooth streaming, Beépítettt, tölthető akkumulátor, Vízálló kivitel, IPX7, Kihangosító, AUX bemenet","AFA",12900,10900,1,1,1,1);
INSERT INTO products(name,vendor,description,tax,price,sale_price,product_type,category_id,on_sale,in_stock) VALUES ("JBL GO 2 hordozható bluetooth hangszóró - pezsgő",1,"Vezeték nélküli Bluetooth streaming, Beépítettt, tölthető akkumulátor, Vízálló kivitel, IPX7, Kihangosító, AUX bemenet","AFA",12900,10900,1,1,1,1);
INSERT INTO products(name,vendor,description,tax,price,sale_price,product_type,category_id,on_sale,in_stock) VALUES ("JBL GO 2 hordozható bluetooth hangszóró - piros",1,"Vezeték nélküli Bluetooth streaming, Beépítettt, tölthető akkumulátor, Vízálló kivitel, IPX7, Kihangosító, AUX bemenet","AFA",12900,10900,1,1,1,1);
INSERT INTO products(name,vendor,description,tax,price,sale_price,product_type,category_id,on_sale,in_stock) VALUES ("JBL Pulse 4 bluetooth hangszóró LED világítással, fekete",1,"360 fokos sztereó hangzás , 360 fokos LED-es fényjáték , Beépített 6000mAH akkumulátor , Connect+ technológia , IPX7 vizállósági megfelelés 1 méterig , Akár 12 óra lejátszási idő","AFA",79900,NULL,1,1,0,1);
INSERT INTO products(name,vendor,description,tax,price,sale_price,product_type,category_id,on_sale,in_stock) VALUES ("JBL Control X kültéri polc hangsugárzó pár, fekete",1,"Minden időjárási körülményhez beltéri / kültéri használatra, Ideális otthoni vagy üzleti használatra, 2600 mAh akkumulátor, Pontos hangreprodukcióra tervezték, Aranyozott terminálok","AFA",169900,NULL,2,2,0,1);
INSERT INTO products(name,vendor,description,tax,price,sale_price,product_type,category_id,on_sale,in_stock) VALUES ("JBL Control X kültéri polc hangsugárzó pár, fehér",1,"Minden időjárási körülményhez, Ideális otthoni vagy üzleti használatra, 2600 mAh akkumulátor, Pontos hangreprodukcióra tervezték, Aranyozott terminálok","AFA",169900,NULL,2,2,0,1);
INSERT INTO products(name,vendor,description,tax,price,sale_price,product_type,category_id,on_sale,in_stock) VALUES ("JBL T290 fülhallgató, fekete",1,"Ultrakönnyű, hosszú hordhatósági idő, Csomómentes kábel, 1 gombos univerzális vezérlés, 20Hz - 20kHz frekvencia átvitel, 110 cm-es vezeték","AFA",10900,NULL,3,3,0,1);
INSERT INTO products(name,vendor,description,tax,price,sale_price,product_type,category_id,on_sale,in_stock) VALUES ("JBL T290 fülhallgató, ezüst",1,"Ultrakönnyű, hosszú hordhatósági idő, Csomómentes kábel, 1 gombos univerzális vezérlés, 20Hz - 20kHz frekvencia átvitel, 110 cm-es vezeték","AFA",10900,NULL,3,3,0,1);
INSERT INTO products(name,vendor,description,tax,price,sale_price,product_type,category_id,on_sale,in_stock) VALUES ("JBL T110 fülhallgató, fekete",1,"110 cm-es vezezeték, 1 gombos vezérlés, 9mm-es membrán, Gubanc mentes kábel","AFA",3900,3490,3,3,1,1);
INSERT INTO products(name,vendor,description,tax,price,sale_price,product_type,category_id,on_sale,in_stock) VALUES ("JBL T110 fülhallgató, kék",1,"110 cm-es vezezeték, 1 gombos vezérlés, 9mm-es membrán, Gubanc mentes kábel","AFA",3900,3490,3,3,1,1);
INSERT INTO products(name,vendor,description,tax,price,sale_price,product_type,category_id,on_sale,in_stock) VALUES ("JBL T110 fülhallgató, piros",1,"110 cm-es vezezeték, 1 gombos vezérlés, 9mm-es membrán, Gubanc mentes kábel","AFA",3900,3490,3,3,1,1);
INSERT INTO products(name,vendor,description,tax,price,sale_price,product_type,category_id,on_sale,in_stock) VALUES ("JBL T110 fülhallgató, fehér",1,"110 cm-es vezezeték, 1 gombos vezérlés, 9mm-es membrán, Gubanc mentes kábel","AFA",3900,3490,3,3,1,1);
INSERT INTO products(name,vendor,description,tax,price,sale_price,product_type,category_id,on_sale,in_stock) VALUES ("JBL T210 fülhallgató, fekete",1,"110 cm-es vezezeték, 1 gombos vezérlés, 8.7mm-es membrán","AFA",6900,NULL,3,3,0,1);
INSERT INTO products(name,vendor,description,tax,price,sale_price,product_type,category_id,on_sale,in_stock) VALUES ("JBL T210 fülhallgató, ezüst",1,"110 cm-es vezezeték, 1 gombos vezérlés, 8.7mm-es membrán","AFA",6900,NULL,3,3,0,1);
INSERT INTO products(name,vendor,description,tax,price,sale_price,product_type,category_id,on_sale,in_stock) VALUES ("JBL T210 fülhallgató, rosegold",1,"110 cm-es vezezeték, 1 gombos vezérlés, 8.7mm-es membrán","AFA",6900,NULL,3,3,0,1);
INSERT INTO products(name,vendor,description,tax,price,sale_price,product_type,category_id,on_sale,in_stock) VALUES ("JBL T110BT bluetooth fülhallgató, fekete",1,"Bluetooth fülhallgató , 3 gombos vezérlés , 9mm-es membrán , Akár 6 órás működés ","AFA",13900,NULL,4,3,0,1);
INSERT INTO products(name,vendor,description,tax,price,sale_price,product_type,category_id,on_sale,in_stock) VALUES ("JBL T110BT bluetooth fülhallgató, kék",1,"Bluetooth fülhallgató , 3 gombos vezérlés , 9mm-es membrán , Akár 6 órás működés ","AFA",13900,NULL,4,3,0,1);
INSERT INTO products(name,vendor,description,tax,price,sale_price,product_type,category_id,on_sale,in_stock) VALUES ("JBL T110BT bluetooth fülhallgató, szürke",1,"Bluetooth fülhallgató , 3 gombos vezérlés , 9mm-es membrán , Akár 6 órás működés ","AFA",13900,NULL,4,3,0,1);
INSERT INTO products(name,vendor,description,tax,price,sale_price,product_type,category_id,on_sale,in_stock) VALUES ("JBL T110BT bluetooth fülhallgató, fehér",1,"Bluetooth fülhallgató , 3 gombos vezérlés , 9mm-es membrán , Akár 6 órás működés ","AFA",13900,NULL,4,3,0,1);
INSERT INTO products(name,vendor,description,tax,price,sale_price,product_type,category_id,on_sale,in_stock) VALUES ("JBL T600BTNC bluetooth fejhallgató, kék",1,"Aktív zajszűrés, JBL Pure Bass, Bluetooth 4.1 kapcsolat, 12 órás üzemidő zajszűréssel, Könnyű, lapos kivitel","AFA",32900,29300,5,3,1,1);
INSERT INTO products(name,vendor,description,tax,price,sale_price,product_type,category_id,on_sale,in_stock) VALUES ("JBL Endurance Run sport fülhallgató, fekete",1,"Soha nem esik ki a fülből, Mágneses rögzítés, IPX5 szabvány, FlipHook","AFA",10900,NULL,3,3,0,1);
INSERT INTO products(name,vendor,description,tax,price,sale_price,product_type,category_id,on_sale,in_stock) VALUES ("JBL Endurance Run sport fülhallgató, sárga",1,"Soha nem esik ki a fülből, Mágneses rögzítés, IPX5 szabvány, FlipHook","AFA",10900,NULL,3,3,0,1);
INSERT INTO products(name,vendor,description,tax,price,sale_price,product_type,category_id,on_sale,in_stock) VALUES ("JBL Endurance Sprint bluetooth sport fülhallgató, fekete",1,"Beépített Bluetooth, Akár 8 óra játékidő, IPX7 szabvány, MagHook mágneses hurok a jobb tárolás érdekében","AFA",17900,NULL,4,3,0,1);
INSERT INTO products(name,vendor,description,tax,price,sale_price,product_type,category_id,on_sale,in_stock) VALUES ("JBL T500 BT bluetooth fejhallgató - fekete",1,"32 mm-es hangszórók, JBL Pure BasS, Bluetooth-kapcsolat, 16 órás üzemidő, Könnyű, lapos kivitel","AFA",15900,14990,5,3,1,1);
INSERT INTO products(name,vendor,description,tax,price,sale_price,product_type,category_id,on_sale,in_stock) VALUES ("JBL T500 BT bluetooth fejhallgató - kék",1,"32 mm-es hangszórók, JBL Pure BasS, Bluetooth-kapcsolat, 16 órás üzemidő, Könnyű, lapos kivitel ","AFA",15900,NULL,5,3,0,1);
INSERT INTO products(name,vendor,description,tax,price,sale_price,product_type,category_id,on_sale,in_stock) VALUES ("JBL T500 BT bluetooth fejhallgató - fehér",1,"32 mm-es hangszórók, JBL Pure BasS, Bluetooth-kapcsolat, 16 órás üzemidő, Könnyű, lapos kivitel","AFA",15900,14990,5,3,1,1);
INSERT INTO products(name,vendor,description,tax,price,sale_price,product_type,category_id,on_sale,in_stock) VALUES ("JBL T500 BT bluetooth fejhallgató - rózsaszín",1,"32 mm-es hangszórók , JBL Pure BasS , Bluetooth-kapcsolat , 16 órás üzemidő , Könnyű, lapos kivitel","AFA",15900,14990,5,3,1,1);
INSERT INTO products(name,vendor,description,tax,price,sale_price,product_type,category_id,on_sale,in_stock) VALUES ("JBL T500 fejhallgató, fekete",1,"Zárt rendszerű , JBL Pure BasS, 1 gombos, univerzális vezérlés, 110cm-es kábelhossz, 32mm-es membrán","AFA",10900,9490,6,3,1,1);
INSERT INTO products(name,vendor,description,tax,price,sale_price,product_type,category_id,on_sale,in_stock) VALUES ("JBL T500 fejhallgató, kék",1,"Zárt rendszerű , JBL Pure BasS, 1 gombos, univerzális vezérlés, 110cm-es kábelhossz, 32mm-es membrán","AFA",10900,9490,6,3,1,1);
INSERT INTO products(name,vendor,description,tax,price,sale_price,product_type,category_id,on_sale,in_stock) VALUES ("JBL Charge 4 hordozható bluetooth hangszóró, fekete",1,"Akár 20 órás lejátszás, 7200 mAh-s akkumulátor, Dupla USB csatlakozás, JBL Connect +, IPX7 vízállóság","AFA",59900,NULL,1,1,0,1);
INSERT INTO products(name,vendor,description,tax,price,sale_price,product_type,category_id,on_sale,in_stock) VALUES ("JBL T500 fejhallgató, fehér",1,"Zárt rendszerű , JBL Pure BasS , 1 gombos, univerzális vezérlés , 110cm-es kábelhossz , 32mm-es membrán","AFA",10900,9490,6,3,1,1);
INSERT INTO products(name,vendor,description,tax,price,sale_price,product_type,category_id,on_sale,in_stock) VALUES ("JBL T500 fejhallgató, rózsaszín",1,"Zárt rendszerű , JBL Pure BasS , 1 gombos, univerzális vezérlés , 110cm-es kábelhossz , 32mm-es membrán","AFA",10900,9490,6,3,1,1);
INSERT INTO products(name,vendor,description,tax,price,sale_price,product_type,category_id,on_sale,in_stock) VALUES ("JBL Endurance Sprint bluetooth sport fülhallgató, fekete-lime",1,"Beépített Bluetooth , Akár 8 óra játékidő , IPX7 szabvány , MagHook mágneses hurok a jobb tárolás érdekében","AFA",17900,NULL,4,3,0,1);
INSERT INTO products(name,vendor,description,tax,price,sale_price,product_type,category_id,on_sale,in_stock) VALUES ("JBL Under Armour Train bluetooth sport fejhallgató, fekete",1,"Sport fejhallgató, Bionic Hearing, Túlméretezett gombok, Akkumulátor 16 óra (közepes hangerőn)","AFA",69900,NULL,5,3,0,1);
INSERT INTO products(name,vendor,description,tax,price,sale_price,product_type,category_id,on_sale,in_stock) VALUES ("JBL Stage A6002 2 csatornás erősítő",1,"280W csúcsteljesítmény, Basszus EQ, LPF és a HPF crossover vezérlő, Könnyedén telepíthető","AFA",44900,NULL,7,4,0,1);
INSERT INTO products(name,vendor,description,tax,price,sale_price,product_type,category_id,on_sale,in_stock) VALUES ("JBL Stage A6004 4 csatornás erősítő",1,"560W csúcsteljesítmény, Basszus EQ, LPF és a HPF crossover vezérlő, Könnyedén telepíthető","AFA",54900,NULL,7,4,0,1);
INSERT INTO products(name,vendor,description,tax,price,sale_price,product_type,category_id,on_sale,in_stock) VALUES ("JBL Live 400BT bluetooth fejhallgató, kék",1,"Frekvencia-visszaadás: 20Hz - 22kHz, 40 mm-es hangszóró, Vezeték nélküli lejátszás, Egész napos élettartam egy feltöltéssel","AFA",44900,37900,5,3,1,1);
INSERT INTO products(name,vendor,description,tax,price,sale_price,product_type,category_id,on_sale,in_stock) VALUES ("JBL Live 400BT bluetooth fejhallgató, piros",1,"Frekvencia-visszaadás: 20Hz - 22kHz, 40 mm-es hangszóró, Vezeték nélküli lejátszás, Egész napos élettartam egy feltöltéssel","AFA",44900,NULL,5,3,0,1);
INSERT INTO products(name,vendor,description,tax,price,sale_price,product_type,category_id,on_sale,in_stock) VALUES ("JBL Live 400BT bluetooth fejhallgató, fehér",1,"Frekvencia-visszaadás: 20Hz - 22kHz, 40 mm-es hangszóró, Vezeték nélküli lejátszás, Egész napos élettartam egy feltöltéssel","AFA",44900,37900,5,3,1,1);
INSERT INTO products(name,vendor,description,tax,price,sale_price,product_type,category_id,on_sale,in_stock) VALUES ("JBL Live 400BT bluetooth fejhallgató, fekete",1,"Frekvencia-visszaadás: 20Hz - 22kHz, 40 mm-es hangszóró, Vezeték nélküli lejátszás, Egész napos élettartam egy feltöltéssel","AFA",44900,37900,5,3,1,1);
INSERT INTO products(name,vendor,description,tax,price,sale_price,product_type,category_id,on_sale,in_stock) VALUES ("JBL Flip 5 hordozható bluetooth hangszóró, piros",1,"Akár 12 órás folyamatos használat, Teljeskörű, vízálló, hordozható, bluetooth hangszóró, USB-C csatlakozás, JBL Connect, akár 100 eszközzel","AFA",44900,NULL,1,1,0,1);
INSERT INTO products(name,vendor,description,tax,price,sale_price,product_type,category_id,on_sale,in_stock) VALUES ("JBL Flip 5 hordozható bluetooth hangszóró, fekete",1,"Akár 12 órás folyamatos használat, Teljeskörű, vízálló, hordozható, bluetooth hangszóró, USB-C csatlakozás, JBL Connect, akár 100 eszközzel","AFA",44900,39900,1,1,1,1);
INSERT INTO products(name,vendor,description,tax,price,sale_price,product_type,category_id,on_sale,in_stock) VALUES ("JBL Flip 5 hordozható bluetooth hangszóró, kék",1,"Akár 12 órás folyamatos használat, Teljeskörű, vízálló, hordozható, bluetooth hangszóró, USB-C csatlakozás, JBL Connect, akár 100 eszközzel","AFA",44900,NULL,1,1,0,1);
INSERT INTO products(name,vendor,description,tax,price,sale_price,product_type,category_id,on_sale,in_stock) VALUES ("JBL Flip 5 hordozható bluetooth hangszóró, fehér",1,"Akár 12 órás folyamatos használat, Teljeskörű, vízálló, hordozható, bluetooth hangszóró, USB-C csatlakozás, JBL Connect, akár 100 eszközzel","AFA",44900,NULL,1,1,0,1);
INSERT INTO products(name,vendor,description,tax,price,sale_price,product_type,category_id,on_sale,in_stock) VALUES ("JBL Flip 5 hordozható bluetooth hangszóró, terepmintás",1,"Akár 12 órás folyamatos használat, Teljeskörű, vízálló, hordozható, bluetooth hangszóró, USB-C csatlakozás, JBL Connect, akár 100 eszközzel","AFA",44900,NULL,1,1,0,1);
INSERT INTO products(name,vendor,description,tax,price,sale_price,product_type,category_id,on_sale,in_stock) VALUES ("JBL Flip 5 hordozható bluetooth hangszóró, szürke",1,"Akár 12 órás folyamatos használat, Teljeskörű, vízálló, hordozható, bluetooth hangszóró, USB-C csatlakozás, JBL Connect, akár 100 eszközzel","AFA",44900,NULL,1,1,0,1);
INSERT INTO products(name,vendor,description,tax,price,sale_price,product_type,category_id,on_sale,in_stock) VALUES ("JBL Live 220BT bluetooth fülhallgató, fehér",1,"Frekvencia-visszaadás: 20Hz - 22kHz, 8 mm-es hangszóró, Bluetooth 4.2, 10 óra élettartam egy feltöltéssel","AFA",24890,NULL,4,3,0,1);
INSERT INTO products(name,vendor,description,tax,price,sale_price,product_type,category_id,on_sale,in_stock) VALUES ("JBL Live 500BT bluetooth fejhallgató, kék",1,"Frekvencia átvitel: 18Hz - 22kHz, 50 mm-es hangszóró, Bluetooth kapcsolat, 30 óra akkumulátor élettartam egy feltöltéssel","AFA",52900,NULL,5,3,0,1);
INSERT INTO products(name,vendor,description,tax,price,sale_price,product_type,category_id,on_sale,in_stock) VALUES ("JBL Live 500BT bluetooth fejhallgató, piros",1,"Frekvencia átvitel: 18Hz - 22kHz, 50 mm-es hangszóró, Bluetooth kapcsolat, 30 óra akkumulátor élettartam egy feltöltéssel","AFA",52900,NULL,5,3,0,1);
INSERT INTO products(name,vendor,description,tax,price,sale_price,product_type,category_id,on_sale,in_stock) VALUES ("JBL Live 500BT bluetooth fejhallgató, fehér",1,"Frekvencia átvitel: 18Hz - 22kHz, 50 mm-es hangszóró, Bluetooth kapcsolat, 30 óra akkumulátor élettartam egy feltöltéssel","AFA",52900,NULL,5,3,0,1);
INSERT INTO products(name,vendor,description,tax,price,sale_price,product_type,category_id,on_sale,in_stock) VALUES ("JBL Live 500BT bluetooth fejhallgató, fekete",1,"Frekvencia átvitel: 18Hz - 22kHz, 50 mm-es hangszóró, Bluetooth kapcsolat, 30 óra akkumulátor élettartam egy feltöltéssel","AFA",52900,NULL,5,3,0,1);
INSERT INTO products(name,vendor,description,tax,price,sale_price,product_type,category_id,on_sale,in_stock) VALUES ("JBL Partybox 1000 hordozható aktív hangszóró",1,"JBL Signature Sound, Mikrofon és gitár bemenet, Vezérlés kézmozdulatokkal, 1100 Watt teljesítmény, Fényshow","AFA",359900,NULL,1,1,0,1);
INSERT INTO products(name,vendor,description,tax,price,sale_price,product_type,category_id,on_sale,in_stock) VALUES ("JBL Pulse 4 bluetooth hangszóró LED világítással, fehér",1,"360 fokos sztereó hangzás , 360 fokos LED-es fényjáték , Beépített 6000mAH akkumulátor , Connect+ technológia , IPX7 vizállósági megfelelés 1 méterig , Akár 12 óra lejátszási idő","AFA",79900,NULL,1,1,0,1);
INSERT INTO products(name,vendor,description,tax,price,sale_price,product_type,category_id,on_sale,in_stock) VALUES ("JBL Stage3 527 13cm-es autó hangszóró pár",1,"13 cm-eskoaxiális hangszóró, 2 utas, koaxiális, 200W max teljesítmény","AFA",21900,NULL,8,2,0,1);
INSERT INTO products(name,vendor,description,tax,price,sale_price,product_type,category_id,on_sale,in_stock) VALUES ("JBL Stage3 6427 10 x 15,2cm-es autó hangszóró pár",1,"10 x 15,2cm-es koaxiális hangszóró, 2 utas, koaxiális, 175W max teljesítmény","AFA",18900,NULL,8,2,0,1);
INSERT INTO products(name,vendor,description,tax,price,sale_price,product_type,category_id,on_sale,in_stock) VALUES ("JBL Stage3 607C 16cm-es komponens hangszóró szett",1,"16 cm-es komponens szett, 250W max teljesítmény","AFA",32900,NULL,8,2,0,1);
INSERT INTO products(name,vendor,description,tax,price,sale_price,product_type,category_id,on_sale,in_stock) VALUES ("JBL Bar 5.1 4K Surround hangprojektor",1,"450W teljesítmény , Vezeték nélküli mélysugárzó , Bluetooth kapcsolat , Chromecast és Airplay2","AFA",234900,189900,9,5,1,1);
INSERT INTO products(name,vendor,description,tax,price,sale_price,product_type,category_id,on_sale,in_stock) VALUES ("JBL Bar 2.1 Deep Bass hangprojektor",1,"300W teljesítmény , Vezeték nélküli mélysugárzó , Bluetooth 4.2 kapcsolat","AFA",139900,NULL,9,5,0,1);
INSERT INTO products(name,vendor,description,tax,price,sale_price,product_type,category_id,on_sale,in_stock) VALUES ("JBL Stage2 524 13cm-es autó hangszóró pár",1,"13 cm-eskoaxiális hangszóró, 2 utas, koaxiális, 200W max teljesítmény","AFA",14900,NULL,8,2,0,1);
INSERT INTO products(name,vendor,description,tax,price,sale_price,product_type,category_id,on_sale,in_stock) VALUES ("JBL Stage2 604C 16cm-es koaxiális hangszóró szett",1,"16 cm-es komponens szett, 270W max teljesítmény","AFA",25900,NULL,8,2,0,1);
INSERT INTO products(name,vendor,description,tax,price,sale_price,product_type,category_id,on_sale,in_stock) VALUES ("JBL Stage3 427 10cm-es autó hangszóró pár",1,"10 cm-eskoaxiális hangszóró, 2 utas, koaxiális, 200W max teljesítmény","AFA",18900,NULL,8,2,0,1);
INSERT INTO products(name,vendor,description,tax,price,sale_price,product_type,category_id,on_sale,in_stock) VALUES ("JBL T220TWS wireless fülhallgató, fekete",1,"Teljesen vezeték nélküli, Bluetooth 5.0, 3 órás lejátszás és 16 töltési lehetőség, Siri és a Google Assistant elérés","AFA",39900,25900,10,3,1,1);
INSERT INTO products(name,vendor,description,tax,price,sale_price,product_type,category_id,on_sale,in_stock) VALUES ("JBL Reflect Flow True wireless fülhallgató, fekete",1,"JBL Signature Sound, 30 órán át üzemképes akkumulátor + gyorstöltő, IPX7 Vízálló, Ergonomikus illeszkedés","AFA",52900,NULL,10,3,0,1);
INSERT INTO products(name,vendor,description,tax,price,sale_price,product_type,category_id,on_sale,in_stock) VALUES ("JBL Endurance Run bluetooth sport fülhallgató, fekete",1,"Soha nem esik ki a fülből , Mágneses rögzítés , IPX5 szabvány , 6 óra lejátszás egyetlen feltöltéssel, FlipHook","AFA",17900,NULL,4,3,0,1);
INSERT INTO products(name,vendor,description,tax,price,sale_price,product_type,category_id,on_sale,in_stock) VALUES ("JBL Endurance Run bluetooth sport fülhallgató, fekete-lime",1,"Soha nem esik ki a fülből , Mágneses rögzítés , IPX5 szabvány , 6 óra lejátszás egyetlen feltöltéssel, FlipHook","AFA",17900,NULL,4,3,0,1);
INSERT INTO products(name,vendor,description,tax,price,sale_price,product_type,category_id,on_sale,in_stock) VALUES ("JBL Stage3 8627 15,2 x 20,3 cm-es autó hangszóró pár",1,"15,2 x 20,3cm ovális hangszóró, 2 utas, koaxiális, 250W max teljesítmény","AFA",21900,NULL,8,2,0,1);
INSERT INTO products(name,vendor,description,tax,price,sale_price,product_type,category_id,on_sale,in_stock) VALUES ("JBL Stage3 9637 15,2 x 20,3 cm-es autó hangszóró pár",1,"15,2 x 20,3cm ovális hangszóró, 3 utas, koaxiális, 375W max teljesítmény","AFA",32900,NULL,8,2,0,1);
INSERT INTO products(name,vendor,description,tax,price,sale_price,product_type,category_id,on_sale,in_stock) VALUES ("JBL Stage2 424 10cm-es koaxiális hangszóró",1,"10 cm-es koaxiális hangszóró, 150W max teljesítmény","AFA",10900,NULL,8,2,0,1);
INSERT INTO products(name,vendor,description,tax,price,sale_price,product_type,category_id,on_sale,in_stock) VALUES ("JBL Stage3 627 16cm-es autó hangszóró pár",1,"16 cm-eskoaxiális hangszóró, 2 utas, koaxiális, 225W max teljesítmény","AFA",25900,NULL,8,2,0,1);
INSERT INTO products(name,vendor,description,tax,price,sale_price,product_type,category_id,on_sale,in_stock) VALUES ("JBL JR Pop hordozható bluetooth hangszóró, zöld",1,"Beépített Bluetooth, Akár 5 óra játékidő, IPX7 vízálló, Integrált heveder a könnyebb hordózhatósághoz","AFA",11400,NULL,1,1,0,1);
INSERT INTO products(name,vendor,description,tax,price,sale_price,product_type,category_id,on_sale,in_stock) VALUES ("JBL Reflect Flow True wireless fülhallgató, kék",1,"JBL Signature Sound, 30 órán át üzemképes akkumulátor + gyorstöltő, IPX7 Vízálló, Ergonomikus illeszkedés","AFA",52900,NULL,10,3,0,1);
INSERT INTO products(name,vendor,description,tax,price,sale_price,product_type,category_id,on_sale,in_stock) VALUES ("JBL BoomBox 2 vízálló hordozható bluetooth hangszóró, squad",1,"Akár 24 órás üzemidő, 60W teljesítmény, JBL Original Pro Sound, 20.000 mAh-s akkumulátor, IPX7 védelem","AFA",179900,NULL,1,1,0,1);
INSERT INTO products(name,vendor,description,tax,price,sale_price,product_type,category_id,on_sale,in_stock) VALUES ("JBL Link Portable hordozható bluetooth hangszóró, fekete",1,"Akár 8 órás lejátszás, Wi-Fi és Bluetooth streaming, Google Asszisztens, Apple Music és Youtube","AFA",55900,NULL,1,1,0,1);
INSERT INTO products(name,vendor,description,tax,price,sale_price,product_type,category_id,on_sale,in_stock) VALUES ("JBL Link Portable hordozható bluetooth hangszóró, szürke",1,"Akár 8 órás lejátszás, Wi-Fi és Bluetooth streaming, Google Asszisztens, Apple Music és Youtube","AFA",55900,NULL,1,1,0,1);
INSERT INTO products(name,vendor,description,tax,price,sale_price,product_type,category_id,on_sale,in_stock) VALUES ("JBL T750BTNTC zajszűrős bluetooth fejhallgató, fekete",1,"Aktív zajszűrés, 40 mm-es hangszóró, 15 órás lejátszás, Bluetooth kapcsolat","AFA",42900,NULL,5,3,0,1);
INSERT INTO products(name,vendor,description,tax,price,sale_price,product_type,category_id,on_sale,in_stock) VALUES ("JBL T750BTNTC zajszűrős bluetooth fejhallgató, fehér",1,"Aktív zajszűrés, 40 mm-es hangszóró, 15 órás lejátszás, Bluetooth kapcsolat","AFA",42900,NULL,5,3,0,1);
INSERT INTO products(name,vendor,description,tax,price,sale_price,product_type,category_id,on_sale,in_stock) VALUES ("JBL T750BTNTC zajszűrős bluetooth fejhallgató, kék",1,"Aktív zajszűrés, 40 mm-es hangszóró, 15 órás lejátszás, Bluetooth kapcsolat","AFA",42900,NULL,5,3,0,1);
INSERT INTO products(name,vendor,description,tax,price,sale_price,product_type,category_id,on_sale,in_stock) VALUES ("JBL T750BTNTC zajszűrős bluetooth fejhallgató, narancs",1,"Aktív zajszűrés, 40 mm-es hangszóró, 15 órás lejátszás, Bluetooth kapcsolat","AFA",42900,NULL,5,3,0,1);
INSERT INTO products(name,vendor,description,tax,price,sale_price,product_type,category_id,on_sale,in_stock) VALUES ("JBL Club 700BT zajszűrős bluetooth fejhallgató",1,"Aktív zajszűrés, Google Assistant és Amazon Alexa, Ambient Aware és a TalkThru, Hi-Res minőségű hang","AFA",54900,NULL,5,3,0,1);
INSERT INTO products(name,vendor,description,tax,price,sale_price,product_type,category_id,on_sale,in_stock) VALUES ("JBL Club One zajszűrős bluetooth fejhallgató",1,"Profi zajszűrés, Google Assistant és Amazon Alexa, Ambient Aware és a TalkThru, Hi-Res minőségű hang","AFA",124900,NULL,5,3,0,1);
INSERT INTO products(name,vendor,description,tax,price,sale_price,product_type,category_id,on_sale,in_stock) VALUES ("JBL Club 950NC zajszűrős bluetooth fejhallgató",1,"Profi zajszűrés, Google Assistant és Amazon Alexa, Ambient Aware és a TalkThru, Hi-Res minőségű hang","AFA",89900,64900,5,3,1,1);
INSERT INTO products(name,vendor,description,tax,price,sale_price,product_type,category_id,on_sale,in_stock) VALUES ("JBL Live 300TWS wireless fülhallgató, fekete",1,"Teljesen vezeték nélküli, Bluetooth 5.0, 20 órás kombinált üzemidő, Google Assistant elérés, Izzadság és vízálló","AFA",52900,49900,10,3,1,1);
INSERT INTO products(name,vendor,description,tax,price,sale_price,product_type,category_id,on_sale,in_stock) VALUES ("JBL T700 BT bluetooth fejhallgató, fekete",1,"40 mm-es hangszórók , JBL Pure Bass , Bluetooth kapcsolat , 27 órás üzemidő , Hangvezérlés, hívások kezelése","AFA",25900,NULL,5,3,0,1);
INSERT INTO products(name,vendor,description,tax,price,sale_price,product_type,category_id,on_sale,in_stock) VALUES ("JBL T700 BT bluetooth fejhallgató, fehér",1,"40 mm-es hangszórók , JBL Pure Bass , Bluetooth kapcsolat , 27 órás üzemidő , Hangvezérlés, hívások kezelése","AFA",25900,NULL,5,3,0,1);
INSERT INTO products(name,vendor,description,tax,price,sale_price,product_type,category_id,on_sale,in_stock) VALUES ("JBL T700 BT bluetooth fejhallgató, kék",1,"40 mm-es hangszórók , JBL Pure Bass , Bluetooth kapcsolat , 27 órás üzemidő , Hangvezérlés, hívások kezelése","AFA",25900,NULL,5,3,0,1);
INSERT INTO products(name,vendor,description,tax,price,sale_price,product_type,category_id,on_sale,in_stock) VALUES ("JBL T700 BT bluetooth fejhallgató, narancs",1,"40 mm-es hangszórók , JBL Pure Bass , Bluetooth kapcsolat , 27 órás üzemidő , Hangvezérlés, hívások kezelése","AFA",25900,NULL,5,3,0,1);
INSERT INTO products(name,vendor,description,tax,price,sale_price,product_type,category_id,on_sale,in_stock) VALUES ("JBL Quantum 100 Gamer fejhallgató, fekete",1,"Levehető irányított mikfrofon, Xbox, Playstation, Nintendo Swith kompatibilis, Windows 10 kompatibilis, Mobile, a Mac és a VR készülékekhez is, QuantumSOUND Signature","AFA",14900,NULL,11,3,0,1);
INSERT INTO products(name,vendor,description,tax,price,sale_price,product_type,category_id,on_sale,in_stock) VALUES ("JBL Quantum 100 Gamer fejhallgató, fehér",1,"Levehető irányított mikfrofon, Xbox, Playstation, Nintendo Swith kompatibilis, Windows 10 kompatibilis, Mobile, a Mac és a VR készülékekhez is, QuantumSOUND Signature","AFA",14900,NULL,11,3,0,1);
INSERT INTO products(name,vendor,description,tax,price,sale_price,product_type,category_id,on_sale,in_stock) VALUES ("JBL Quantum 100 Gamer fejhallgató, kék",1,"Levehető irányított mikfrofon, Xbox, Playstation, Nintendo Swith kompatibilis, Windows 10 kompatibilis, Mobile, a Mac és a VR készülékekhez is, QuantumSOUND Signature","AFA",14900,NULL,11,3,0,1);
INSERT INTO products(name,vendor,description,tax,price,sale_price,product_type,category_id,on_sale,in_stock) VALUES ("JBL Quantum 200 Gamer fejhallgató",1,"Xbox, Playstation, Nintendo Swith kompatibilis, Windows 10 kompatibilis, Flip up némítás, QuantumSOUND Signature, Memóriahab","AFA",21900,NULL,11,3,0,1);
INSERT INTO products(name,vendor,description,tax,price,sale_price,product_type,category_id,on_sale,in_stock) VALUES ("JBL Quantum 300 Gamer fejhallgató",1,"Levehető irányított mikfrofon, Xbox, Playstation, Nintendo Swith kompatibilis, Windows 10 kompatibilis, Flip up némítás, QuantumSOUND Signature, Memóriahab","AFA",29900,NULL,11,3,0,1);
INSERT INTO products(name,vendor,description,tax,price,sale_price,product_type,category_id,on_sale,in_stock) VALUES ("JBL Quantum 400 Gamer fejhallgató",1,"Xbox, Playstation, Nintendo Swith kompatibilis, Windows 10 kompatibilis, Flip up némítás, QuantumENGINE PC szoftver, Game-Chat Balance Dial tárcsa","AFA",35900,NULL,11,3,0,1);
INSERT INTO products(name,vendor,description,tax,price,sale_price,product_type,category_id,on_sale,in_stock) VALUES ("JBL Quantum 600 Wireless Gamer fejhallgató",1,"Vezeték nélküli kivitel, Xbox, Playstation, Nintendo Swith kompatibilis, Windows 10 kompatibilis, Flip up némítás, QuantumENGINE PC szoftver, Game-Chat Balance Dial tárcsa","AFA",54900,NULL,11,3,0,1);
INSERT INTO products(name,vendor,description,tax,price,sale_price,product_type,category_id,on_sale,in_stock) VALUES ("JBL Quantum 800 Wireless Gamer fejhallgató zajszűréssel",1,"Vezeték nélküli kivitel zajszűréssel, Xbox, Playstation, Nintendo Swith kompatibilis, Windows 10 kompatibilis, DTS headphone:X v2.0, Flip up némítás, QuantumENGINE PC szoftver, Game-Chat Balance Dial tárcsa","AFA",72900,NULL,11,3,0,1);
INSERT INTO products(name,vendor,description,tax,price,sale_price,product_type,category_id,on_sale,in_stock) VALUES ("JBL Quantum One Gamer fejhallgató",1,"3D hangzás, QuantumSPHERE 360, DTS headphoneX:v2.0, Aktív zajszűrés, RGB effekt, Game-chat tárcsa, Next-gen kialakítás","AFA",99900,74900,11,3,1,1);
INSERT INTO products(name,vendor,description,tax,price,sale_price,product_type,category_id,on_sale,in_stock) VALUES ("JBL Link Bar Android TV-s hangprojektor",1,"Google Assistant - Hangevérlés, Beépített Android TV, Beépített Chromecast, PrivacySwitchTM, 100 Watt teljesítmény","AFA",139900,NULL,9,5,0,1);
INSERT INTO products(name,vendor,description,tax,price,sale_price,product_type,category_id,on_sale,in_stock) VALUES ("JBL Link SW10 mélysugárzó",1,"JBL Link Bar hangprojektorhoz, 25 cm-es hangsugárzó, Vezeték nélküli kapcsolat, Hátsó Bass-Reflesx nyílás, Ultra alacsony rezonancia","AFA",89900,NULL,12,2,0,1);
INSERT INTO products(name,vendor,description,tax,price,sale_price,product_type,category_id,on_sale,in_stock) VALUES ("JBL Charge 4 hordozható bluetooth hangszóró, camouflage",1,"Akár 20 órás lejátszás, 7200 mAh-s akkumulátor, Dupla USB csatlakozás, JBL Connect +, IPX7 vízállóság","AFA",59900,NULL,1,1,0,1);
INSERT INTO products(name,vendor,description,tax,price,sale_price,product_type,category_id,on_sale,in_stock) VALUES ("JBL Bar 9.1 Dolby Atmos hangprojektor",1,"820W teljesítmény , Kiváló 3D-s hangélmény, Valódi térhatás&uacute; hangzás, Chromecast és az AirPlay 2, Bluetooth vezeték nélküli streaming","AFA",359900,NULL,9,5,0,1);
INSERT INTO products(name,vendor,description,tax,price,sale_price,product_type,category_id,on_sale,in_stock) VALUES ("JBL Bar 2.0 All-In-One hangprojektor",1,"80W teljesítmény, Bluetooth kapcsolat, HDMI és optikai csatlakozás, JBL SoundShift","AFA",72900,NULL,9,5,0,1);
INSERT INTO products(name,vendor,description,tax,price,sale_price,product_type,category_id,on_sale,in_stock) VALUES ("JBL Link Music multimédiás Wi-Fi hangszóró, fekete",1,"360 fokos hangzás, Wi-Fi és Bluetooth streaming, Google Asszisztens, Apple Music és Youtube","AFA",42900,NULL,1,1,0,1);
INSERT INTO products(name,vendor,description,tax,price,sale_price,product_type,category_id,on_sale,in_stock) VALUES ("JBL Link Music multimédiás Wi-Fi hangszóró, kék",1,"360 fokos hangzás, Wi-Fi és Bluetooth streaming, Google Asszisztens, Apple Music és Youtube","AFA",42900,NULL,1,1,0,1);
INSERT INTO products(name,vendor,description,tax,price,sale_price,product_type,category_id,on_sale,in_stock) VALUES ("JBL Link Music multimédiás Wi-Fi hangszóró, szürke",1,"360 fokos hangzás, Wi-Fi és Bluetooth streaming, Google Asszisztens, Apple Music és Youtube","AFA",42900,NULL,1,1,0,1);
INSERT INTO products(name,vendor,description,tax,price,sale_price,product_type,category_id,on_sale,in_stock) VALUES ("JBL Control X kültéri polc hangsugárzó pár, piros",1,"Minden időjárási körülményhez beltéri / kültéri használatra, Ideális otthoni vagy üzleti használatra, 2600 mAh akkumulátor, Pontos hangreprodukcióra tervezték, Aranyozott terminálok","AFA",169900,NULL,2,2,0,1);
INSERT INTO products(name,vendor,description,tax,price,sale_price,product_type,category_id,on_sale,in_stock) VALUES ("JBL Live 300TWS wireless fülhallgató, kék",1,"Teljesen vezeték nélküli, Bluetooth 5.0, 20 órás kombinált üzemidő, Google Assistant elérés, Izzadság és vízálló","AFA",52900,49900,10,3,1,1);
INSERT INTO products(name,vendor,description,tax,price,sale_price,product_type,category_id,on_sale,in_stock) VALUES ("JBL Live 300TWS wireless fülhallgató, fehér",1,"Teljesen vezeték nélküli, Bluetooth 5.0, 20 órás kombinált üzemidő, Google Assistant elérés, Izzadság és vízálló","AFA",52900,49900,10,3,1,1);
INSERT INTO products(name,vendor,description,tax,price,sale_price,product_type,category_id,on_sale,in_stock) VALUES ("JBL Tuner 2 hordózható bluetooth hangszóró rádióval, fekete",1,"Bluetooth, FM, DAB, DAB+ tuner, 12 óra lejátszás egy feltöltéssel, IPX7 besorolás, Kristálytiszta kijelző, 5db programozható gomb","AFA",34900,NULL,1,1,0,1);
INSERT INTO products(name,vendor,description,tax,price,sale_price,product_type,category_id,on_sale,in_stock) VALUES ("JBL Tuner 2 hordózható bluetooth hangszóró rádióval, fehér",1,"Bluetooth, FM, DAB, DAB+ tuner, 12 óra lejátszás egy feltöltéssel, IPX7 besorolás, Kristálytiszta kijelző, 5db programozható gomb","AFA",34900,NULL,1,1,0,1);
INSERT INTO products(name,vendor,description,tax,price,sale_price,product_type,category_id,on_sale,in_stock) VALUES ("JBL Xtreme 3 hordozható bluetooth hangszóró, fekete",1,"Egy töltéssel akár 15 óra lejátszás, IP67 víz és porálló, JBL Original Pro Sound, Töltési lehetőség USB-n keresztül","AFA",104900,NULL,1,1,0,1);
INSERT INTO products(name,vendor,description,tax,price,sale_price,product_type,category_id,on_sale,in_stock) VALUES ("JBL Xtreme 3 hordozható bluetooth hangszóró, kék",1,"Egy töltéssel akár 15 óra lejátszás, IP67 víz és porálló, JBL Original Pro Sound, Töltési lehetőség USB-n keresztül","AFA",104900,NULL,1,1,0,1);
INSERT INTO products(name,vendor,description,tax,price,sale_price,product_type,category_id,on_sale,in_stock) VALUES ("JBL GO 3 hordozható bluetooth hangszóró, fekete",1,"Vezeték nélküli Bluetooth streaming, Beépítettt, tölthető akkumulátor, Víz és porálló, IP67, Eredeti JBL Pro Sound","AFA",13900,NULL,1,1,0,1);
INSERT INTO products(name,vendor,description,tax,price,sale_price,product_type,category_id,on_sale,in_stock) VALUES ("JBL GO 3 hordozható bluetooth hangszóró, kék",1,"Vezeték nélküli Bluetooth streaming, Beépítettt, tölthető akkumulátor, Víz és porálló, IP67, Eredeti JBL Pro Sound","AFA",13900,NULL,1,1,0,1);
INSERT INTO products(name,vendor,description,tax,price,sale_price,product_type,category_id,on_sale,in_stock) VALUES ("JBL GO 3 hordozható bluetooth hangszóró, piros",1,"Vezeték nélküli Bluetooth streaming, Beépítettt, tölthető akkumulátor, Víz és porálló, IP67, Eredeti JBL Pro Sound","AFA",13900,NULL,1,1,0,1);
INSERT INTO products(name,vendor,description,tax,price,sale_price,product_type,category_id,on_sale,in_stock) VALUES ("JBL GO 3 hordozható bluetooth hangszóró, pink",1,"Vezeték nélküli Bluetooth streaming, Beépítettt, tölthető akkumulátor, Víz és porálló, IP67, Eredeti JBL Pro Sound","AFA",13900,NULL,1,1,0,1);
INSERT INTO products(name,vendor,description,tax,price,sale_price,product_type,category_id,on_sale,in_stock) VALUES ("JBL Clip 4 hordozható bluetooth hangszóró, fekete",1,"Vezeték nélküli Bluetooth streaming, Akár 10 óra lejátszás, Víz és porálló, IP67, Beépített karabíner, Gazadag JBL Pro hangzás","AFA",21900,NULL,1,1,0,1);
INSERT INTO products(name,vendor,description,tax,price,sale_price,product_type,category_id,on_sale,in_stock) VALUES ("JBL Clip 4 hordozható bluetooth hangszóró, kék",1,"Vezeték nélküli Bluetooth streaming, Akár 10 óra lejátszás, Víz és porálló, IP67, Beépített karabíner, Gazadag JBL Pro hangzás","AFA",21900,NULL,1,1,0,1);
INSERT INTO products(name,vendor,description,tax,price,sale_price,product_type,category_id,on_sale,in_stock) VALUES ("JBL Clip 4 hordozható bluetooth hangszóró, piros",1,"Vezeték nélküli Bluetooth streaming, Akár 10 óra lejátszás, Víz és porálló, IP67, Beépített karabíner, Gazadag JBL Pro hangzás","AFA",21900,NULL,1,1,0,1);
INSERT INTO products(name,vendor,description,tax,price,sale_price,product_type,category_id,on_sale,in_stock) VALUES ("JBL Clip 4 hordozható bluetooth hangszóró, squad",1,"Vezeték nélküli Bluetooth streaming, Akár 10 óra lejátszás, Víz és porálló, IP67, Beépített karabíner, Gazadag JBL Pro hangzás","AFA",21900,NULL,1,1,0,1);
INSERT INTO products(name,vendor,description,tax,price,sale_price,product_type,category_id,on_sale,in_stock) VALUES ("JBL Clip 4 hordozható bluetooth hangszóró, pink",1,"Vezeték nélküli Bluetooth streaming, Akár 10 óra lejátszás, Víz és porálló, IP67, Beépített karabíner, Gazadag JBL Pro hangzás","AFA",21900,NULL,1,1,0,1);
INSERT INTO products(name,vendor,description,tax,price,sale_price,product_type,category_id,on_sale,in_stock) VALUES ("JBL T225TWS wireless fülhallgató, fekete",1,"Teljesen vezeték nélküli, Bluetooth 5.0, 5 órás lejátszás és 25 órányi töltési lehetőség, Dual Connect technológia","AFA",35900,29900,10,3,1,1);
INSERT INTO products(name,vendor,description,tax,price,sale_price,product_type,category_id,on_sale,in_stock) VALUES ("JBL T225TWS wireless fülhallgató, kék",1,"Teljesen vezeték nélküli, Bluetooth 5.0, 5 órás lejátszás és 25 órányi töltési lehetőség, Dual Connect technológia","AFA",35900,29900,10,3,1,1);
INSERT INTO products(name,vendor,description,tax,price,sale_price,product_type,category_id,on_sale,in_stock) VALUES ("JBL T225TWS wireless fülhallgató, fehér",1,"Teljesen vezeték nélküli, Bluetooth 5.0, 5 órás lejátszás és 25 órányi töltési lehetőség, Dual Connect technológia","AFA",35900,29900,10,3,1,1);
INSERT INTO products(name,vendor,description,tax,price,sale_price,product_type,category_id,on_sale,in_stock) VALUES ("JBL T225TWS wireless fülhallgató, pink",1,"Teljesen vezeték nélküli, Bluetooth 5.0, 5 órás lejátszás és 25 órányi töltési lehetőség, Dual Connect technológia","AFA",35900,29900,10,3,1,1);
INSERT INTO products(name,vendor,description,tax,price,sale_price,product_type,category_id,on_sale,in_stock) VALUES ("JBL T225TWS wireless fülhallgató, szürke",1,"Teljesen vezeték nélküli, Bluetooth 5.0, 5 órás lejátszás és 25 órányi töltési lehetőség, Dual Connect technológia","AFA",35900,29900,10,3,1,1);
INSERT INTO products(name,vendor,description,tax,price,sale_price,product_type,category_id,on_sale,in_stock) VALUES ("JBL T225TWS wireless fülhallgató, arany",1,"Teljesen vezeték nélküli, Bluetooth 5.0, 5 órás lejátszás és 25 órányi töltési lehetőség, Dual Connect technológia","AFA",35900,29900,10,3,1,1);
INSERT INTO products(name,vendor,description,tax,price,sale_price,product_type,category_id,on_sale,in_stock) VALUES ("JBL Live Free NC+ vezeték nélküli fülhallgató, fekete",1,"Teljesen vezeték nélküli, Bluetooth 5.0, Aktív zajszűrés, IPX 7 víz és izzadságálló, érintésvezérlés, Dual Connect technológia","AFA",57900,NULL,10,3,0,1);
INSERT INTO products(name,vendor,description,tax,price,sale_price,product_type,category_id,on_sale,in_stock) VALUES ("JBL Live Free NC+ vezeték nélküli fülhallgató, kék",1,"Teljesen vezeték nélküli, Bluetooth 5.0, Aktív zajszűrés, IPX 7 víz és izzadságálló, érintésvezérlés, Dual Connect technológia","AFA",57900,NULL,10,3,0,1);
INSERT INTO products(name,vendor,description,tax,price,sale_price,product_type,category_id,on_sale,in_stock) VALUES ("JBL Live Free NC+ vezeték nélküli fülhallgató, fehér",1,"Teljesen vezeték nélküli, Bluetooth 5.0, Aktív zajszűrés, IPX 7 víz és izzadságálló, érintésvezérlés, Dual Connect technológia","AFA",57900,NULL,10,3,0,1);
INSERT INTO products(name,vendor,description,tax,price,sale_price,product_type,category_id,on_sale,in_stock) VALUES ("JBL Partybox On-The-Go bluetooth hangszóró",1,"Tarozék vezeték nélküli mikrofon, 100W teljesítmény, JBL Original Pro Sound, 2500 mAh-s akkumulátor, IPX4 védelem","AFA",104900,NULL,1,1,0,1);
INSERT INTO products(name,vendor,description,tax,price,sale_price,product_type,category_id,on_sale,in_stock) VALUES ("JBL Partybox 310 hordozható bluetooth hangszóró",1,"JBL Signature Sound, Mikrofon és gitár bemenet, AKár 18 órás üzemidő, MP3, WMA, WAV lejátszás USB-ről, Bluetooth 5.1, Fényshow","AFA",194900,NULL,1,1,0,1);
INSERT INTO products(name,vendor,description,tax,price,sale_price,product_type,category_id,on_sale,in_stock) VALUES ("JBL Horizon 2 bluetooth ébresztőórás rádió és hangszóró, szürke",1,"Bluetooth 4.2, USB Töltés, Beépített FM rádió, Tükör kijelző, 2 előre beállítható ébresztési időpont","AFA",49900,NULL,13,7,0,1);
INSERT INTO products(name,vendor,description,tax,price,sale_price,product_type,category_id,on_sale,in_stock) VALUES ("JBL Horizon 2 bluetooth ébresztőórás rádió és hangszóró, fekete",1,"Bluetooth 4.2, USB Töltés, Beépített FM rádió, Tükör kijelző, 2 előre beállítható ébresztési időpont","AFA",49900,NULL,13,7,0,1);
INSERT INTO products(name,vendor,description,tax,price,sale_price,product_type,category_id,on_sale,in_stock) VALUES ("JBL Tuner XL hordózható bluetooth hangszóró rádióval",1,"Bluetooth, FM, DAB, DAB+, 15 óra lejátszás egy feltöltéssel, IPX7 besorolás, Kristálytiszta kijelző, 5db programozható gomb","AFA",59900,NULL,1,1,0,1);
INSERT INTO products(name,vendor,description,tax,price,sale_price,product_type,category_id,on_sale,in_stock) VALUES ("JBL GO 3 hordozható bluetooth hangszóró, fehér",1,"Vezeték nélküli Bluetooth streaming, Beépítettt, tölthető akkumulátor, Víz és porálló, IP67, Eredeti JBL Pro Sound","AFA",13900,NULL,1,1,0,1);
INSERT INTO products(name,vendor,description,tax,price,sale_price,product_type,category_id,on_sale,in_stock) VALUES ("JBL GO 3 hordozható bluetooth hangszóró, korall",1,"Vezeték nélküli Bluetooth streaming, Beépítettt, tölthető akkumulátor, Víz és porálló, IP67, Eredeti JBL Pro Sound","AFA",13900,NULL,1,1,0,1);
INSERT INTO products(name,vendor,description,tax,price,sale_price,product_type,category_id,on_sale,in_stock) VALUES ("JBL T460 BT bluetooth fejhallgató, fekete",1,"32 mm-es hangszórók , JBL Pure BasS , Bluetooth-kapcsolat , 11 órás üzemidő , Könnyű, lapos kivitel ","AFA",14990,12900,5,3,1,1);
INSERT INTO products(name,vendor,description,tax,price,sale_price,product_type,category_id,on_sale,in_stock) VALUES ("JBL GO 3 hordozható bluetooth hangszóró, zöld",1,"Vezeték nélküli Bluetooth streaming, Beépítettt, tölthető akkumulátor, Víz és porálló, IP67, Eredeti JBL Pro Sound","AFA",13900,NULL,1,1,0,1);
INSERT INTO products(name,vendor,description,tax,price,sale_price,product_type,category_id,on_sale,in_stock) VALUES ("JBL GO 3 hordozható bluetooth hangszóró, squad",1,"Vezeték nélküli Bluetooth streaming, Beépítettt, tölthető akkumulátor, Víz és porálló, IP67, Eredeti JBL Pro Sound","AFA",13900,NULL,1,1,0,1);
INSERT INTO products(name,vendor,description,tax,price,sale_price,product_type,category_id,on_sale,in_stock) VALUES ("JBL T125TWS wireless fülhallgató, fekete",1,"Teljesen vezeték nélküli, Sztereó telefonbeszélgetések, 8 órás lejátszás és extra töltési lehetőség, Lítiumion polimer akkumulátor, Siri és a Google Assistant elérés","AFA",35900,NULL,10,3,0,1);
INSERT INTO products(name,vendor,description,tax,price,sale_price,product_type,category_id,on_sale,in_stock) VALUES ("JBL T125TWS wireless fülhallgató, fehér",1,"Teljesen vezeték nélküli, Sztereó telefonbeszélgetések, 8 órás lejátszás és extra töltési lehetőség, Lítiumion polimer akkumulátor, Siri és a Google Assistant elérés","AFA",35900,29900,10,3,1,1);
INSERT INTO products(name,vendor,description,tax,price,sale_price,product_type,category_id,on_sale,in_stock) VALUES ("JBL T125TWS wireless fülhallgató, kék",1,"Teljesen vezeték nélküli, Sztereó telefonbeszélgetések, 8 órás lejátszás és extra töltési lehetőség, Lítiumion polimer akkumulátor, Siri és a Google Assistant elérés","AFA",35900,NULL,10,3,0,1);
INSERT INTO products(name,vendor,description,tax,price,sale_price,product_type,category_id,on_sale,in_stock) VALUES ("JBL T125TWS wireless fülhallgató, pink",1,"Teljesen vezeték nélküli, Sztereó telefonbeszélgetések, 8 órás lejátszás és extra töltési lehetőség, Lítiumion polimer akkumulátor, Siri és a Google Assistant elérés","AFA",35900,NULL,10,3,0,1);
INSERT INTO products(name,vendor,description,tax,price,sale_price,product_type,category_id,on_sale,in_stock) VALUES ("JBL T115TWS wireless fülhallgató, fehér",1,"Teljesen vezeték nélküli, Sztereó telefonbeszélgetések, 5 órás lejátszás és extra töltési lehetőség, Lítiumion polimer akkumulátor, Siri és a Google Assistant elérés","AFA",25900,NULL,10,3,0,1);
INSERT INTO products(name,vendor,description,tax,price,sale_price,product_type,category_id,on_sale,in_stock) VALUES ("JBL T115TWS wireless fülhallgató, fekete",1,"Teljesen vezeték nélküli, Sztereó telefonbeszélgetések, 5 órás lejátszás és extra töltési lehetőség, Lítiumion polimer akkumulátor, Siri és a Google Assistant elérés","AFA",25900,NULL,10,3,0,1);
INSERT INTO products(name,vendor,description,tax,price,sale_price,product_type,category_id,on_sale,in_stock) VALUES ("JBL Charge 5 hordozható bluetooth hangszóró, fekete",1,"Akár 20 órás lejátszás, 27 Wh-s akkumulátor, Dupla USB csatlakozás, JBL Original Pro Sound, Partyboost kapocslódás, IP67 víz és porállóság","AFA",64900,NULL,1,1,0,1);
INSERT INTO products(name,vendor,description,tax,price,sale_price,product_type,category_id,on_sale,in_stock) VALUES ("JBL Charge 5 hordozható bluetooth hangszóró, kék",1,"Akár 20 órás lejátszás, 27 Wh-s akkumulátor, Dupla USB csatlakozás, JBL Original Pro Sound, Partyboost kapocslódás, IP67 víz és porállóság","AFA",64900,59990,1,1,1,1);
INSERT INTO products(name,vendor,description,tax,price,sale_price,product_type,category_id,on_sale,in_stock) VALUES ("JBL Charge 5 hordozható bluetooth hangszóró, zöld",1,"Akár 20 órás lejátszás, 27 Wh-s akkumulátor, Dupla USB csatlakozás, JBL Original Pro Sound, Partyboost kapocslódás, IP67 víz és porállóság","AFA",64900,59990,1,1,1,1);
INSERT INTO products(name,vendor,description,tax,price,sale_price,product_type,category_id,on_sale,in_stock) VALUES ("JBL Charge 5 hordozható bluetooth hangszóró, szürke",1,"Akár 20 órás lejátszás, 27 Wh-s akkumulátor, Dupla USB csatlakozás, JBL Original Pro Sound, Partyboost kapocslódás, IP67 víz és porállóság","AFA",64900,59990,1,1,1,1);
INSERT INTO products(name,vendor,description,tax,price,sale_price,product_type,category_id,on_sale,in_stock) VALUES ("JBL Charge 5 hordozható bluetooth hangszóró, pink",1,"Akár 20 órás lejátszás, 27 Wh-s akkumulátor, Dupla USB csatlakozás, JBL Original Pro Sound, Partyboost kapocslódás, IP67 víz és porállóság","AFA",64900,59990,1,1,1,1);
INSERT INTO products(name,vendor,description,tax,price,sale_price,product_type,category_id,on_sale,in_stock) VALUES ("JBL Charge 5 hordozható bluetooth hangszóró, piros",1,"Akár 20 órás lejátszás, 27 Wh-s akkumulátor, Dupla USB csatlakozás, JBL Original Pro Sound, Partyboost kapocslódás, IP67 víz és porállóság","AFA",64900,59990,1,1,1,1);
INSERT INTO products(name,vendor,description,tax,price,sale_price,product_type,category_id,on_sale,in_stock) VALUES ("JBL Charge 5 hordozható bluetooth hangszóró, squad",1,"Akár 20 órás lejátszás, 27 Wh-s akkumulátor, Dupla USB csatlakozás, JBL Original Pro Sound, Partyboost kapocslódás, IP67 víz és porállóság","AFA",64900,59990,1,1,1,1);
INSERT INTO products(name,vendor,description,tax,price,sale_price,product_type,category_id,on_sale,in_stock) VALUES ("JBL T510 BT bluetooth fejhallgató, fekete",1,"32 mm-es hangszórók , JBL Pure BasS , Bluetooth-kapcsolat , 40 órás üzemidő gyorstöltéssel, Kéz nélküli híváskezelés","AFA",17900,15990,5,3,1,1);
INSERT INTO products(name,vendor,description,tax,price,sale_price,product_type,category_id,on_sale,in_stock) VALUES ("JBL T510 BT bluetooth fejhallgató, kék",1,"32 mm-es hangszórók , JBL Pure BasS , Bluetooth-kapcsolat , 40 órás üzemidő gyorstöltéssel, Kéz nélküli híváskezelés","AFA",17900,15990,5,3,1,1);
INSERT INTO products(name,vendor,description,tax,price,sale_price,product_type,category_id,on_sale,in_stock) VALUES ("JBL T510 BT bluetooth fejhallgató, fehér",1,"32 mm-es hangszórók , JBL Pure BasS , Bluetooth-kapcsolat , 40 órás üzemidő gyorstöltéssel, Kéz nélküli híváskezelés","AFA",17900,15990,5,3,1,1);
INSERT INTO products(name,vendor,description,tax,price,sale_price,product_type,category_id,on_sale,in_stock) VALUES ("JBL T510 BT bluetooth fejhallgató, pink",1,"32 mm-es hangszórók , JBL Pure BasS , Bluetooth-kapcsolat , 40 órás üzemidő gyorstöltéssel, Kéz nélküli híváskezelés","AFA",17900,15990,5,3,1,1);
INSERT INTO products(name,vendor,description,tax,price,sale_price,product_type,category_id,on_sale,in_stock) VALUES ("JBL Xtreme 3 hordozható bluetooth hangszóró, terepmintás",1,"Egy töltéssel akár 15 óra lejátszás, IP67 víz és porálló, JBL Original Pro Sound, Töltési lehetőség USB-n keresztül","AFA",104900,NULL,1,1,0,1);
INSERT INTO products(name,vendor,description,tax,price,sale_price,product_type,category_id,on_sale,in_stock) VALUES ("JBL T215TWS wireless fülhallgató, fekete",1,"Teljesen vezeték nélküli, Bluetooth 5.0, 5 órás lejátszás és 25 órányi töltési lehetőség, Sztereó és monó üzemmód","AFA",31900,NULL,10,3,0,1);
INSERT INTO products(name,vendor,description,tax,price,sale_price,product_type,category_id,on_sale,in_stock) VALUES ("JBL T215TWS wireless fülhallgató, fehér",1,"Teljesen vezeték nélküli, Bluetooth 5.0, 5 órás lejátszás és 25 órányi töltési lehetőség, Sztereó és monó üzemmód","AFA",31900,NULL,10,3,0,1);
INSERT INTO products(name,vendor,description,tax,price,sale_price,product_type,category_id,on_sale,in_stock) VALUES ("JBL T225TWS wireless fülhallgató, átlátszó narancs",1,"Teljesen vezeték nélküli, Bluetooth 5.0, 5 órás lejátszás és 25 órányi töltési lehetőség, Dual Connect technológia","AFA",35900,29900,10,3,1,1);
INSERT INTO products(name,vendor,description,tax,price,sale_price,product_type,category_id,on_sale,in_stock) VALUES ("JBL T225TWS wireless fülhallgató, átlátszó fekete",1,"Teljesen vezeték nélküli, Bluetooth 5.0, 5 órás lejátszás és 25 órányi töltési lehetőség, Dual Connect technológia","AFA",35900,29900,10,3,1,1);
INSERT INTO products(name,vendor,description,tax,price,sale_price,product_type,category_id,on_sale,in_stock) VALUES ("JBL Live Free NC+ vezeték nélküli fülhallgató, pink",1,"Teljesen vezeték nélküli, Bluetooth 5.0, Aktív zajszűrés, IPX 7 víz és izzadságálló, érintésvezérlés, Dual Connect technológia","AFA",57900,NULL,10,3,0,1);
INSERT INTO products(name,vendor,description,tax,price,sale_price,product_type,category_id,on_sale,in_stock) VALUES ("JBL T215TWS wireless fülhallgató, pink",1,"Teljesen vezeték nélküli, Bluetooth 5.0, 5 órás lejátszás és 25 órányi töltési lehetőség, Sztereó és monó üzemmód","AFA",31900,NULL,10,3,0,1);
INSERT INTO products(name,vendor,description,tax,price,sale_price,product_type,category_id,on_sale,in_stock) VALUES ("JBL Endurance Peak II True Wireless sport fülhallgató, fekete",1,"Teljesen vezeték nélküli, Bluetooth 5.0, PowerHook technológia, 6 órás lejátszás és 24 órányi töltési lehetőség, IPX7 izzadság és vízálló","AFA",42900,NULL,10,3,0,1);
INSERT INTO products(name,vendor,description,tax,price,sale_price,product_type,category_id,on_sale,in_stock) VALUES ("JBL Endurance Peak II True Wireless sport fülhallgató, fehér",1,"Teljesen vezeték nélküli, Bluetooth 5.0, PowerHook technológia, 6 órás lejátszás és 24 órányi töltési lehetőség, IPX7 izzadság és vízálló","AFA",42900,NULL,10,3,0,1);
INSERT INTO products(name,vendor,description,tax,price,sale_price,product_type,category_id,on_sale,in_stock) VALUES ("JBL Endurance Peak II True Wireless sport fülhallgató, kék",1,"Teljesen vezeték nélküli, Bluetooth 5.0, PowerHook technológia, 6 órás lejátszás és 24 órányi töltési lehetőség, IPX7 izzadság és vízálló","AFA",42900,NULL,10,3,0,1);
INSERT INTO products(name,vendor,description,tax,price,sale_price,product_type,category_id,on_sale,in_stock) VALUES ("JBL Endurance Peak II True Wireless sport fülhallgató, korall",1,"Teljesen vezeték nélküli, Bluetooth 5.0, PowerHook technológia, 6 órás lejátszás és 24 órányi töltési lehetőség, IPX7 izzadság és vízálló","AFA",42900,NULL,10,3,0,1);
INSERT INTO products(name,vendor,description,tax,price,sale_price,product_type,category_id,on_sale,in_stock) VALUES ("JBL Club PRO+ True Wireless fülhallgató",1,"Teljesen vezeték nélküli, Bluetooth 5.0, Vezeték nélküli töltés, 10Hz - 20kHz frekvencia átvitel, 8 + 24 órás üzemidő","AFA",69900,NULL,10,3,0,1);
INSERT INTO products(name,vendor,description,tax,price,sale_price,product_type,category_id,on_sale,in_stock) VALUES ("JBL Free II True Wireless fülhallgató, fekete",1,"Teljesen vezeték nélküli, Bluetooth 5.0, Dual Connect Sync technológia, IPX4 cseppálló, 6 + 18 órás üzemidő","AFA",31900,NULL,10,3,0,1);
INSERT INTO products(name,vendor,description,tax,price,sale_price,product_type,category_id,on_sale,in_stock) VALUES ("JBL Free II True Wireless fülhallgató, fehér",1,"Teljesen vezeték nélküli, Bluetooth 5.0, Dual Connect Sync technológia, IPX4 cseppálló, 6 + 18 órás üzemidő","AFA",31900,NULL,10,3,0,1);
INSERT INTO products(name,vendor,description,tax,price,sale_price,product_type,category_id,on_sale,in_stock) VALUES ("JBL Bar 5.0 Multibeam hangprojektor",1,"250W teljesítmény , Ultra HD 4K, Dolby Vision funkcióval, Bluetooth és Wi-Fi kapcsolat , Chromecast és Airplay2","AFA",144900,NULL,9,5,0,1);
INSERT INTO products(name,vendor,description,tax,price,sale_price,product_type,category_id,on_sale,in_stock) VALUES ("JBL Reflect Mini NC TruWireless fülhallgató, kék",1,"JBL Signature Sound, 21 óra üzemmidő, Izzadságálló, Aktív zajszűrés, Dual Connect Sync technológia, Sztereó telefonhívások","AFA",49900,NULL,10,3,0,1);
INSERT INTO products(name,vendor,description,tax,price,sale_price,product_type,category_id,on_sale,in_stock) VALUES ("JBL Reflect Mini NC TruWireless fülhallgató, fekete",1,"JBL Signature Sound, 21 óra üzemmidő, Izzadságálló, Aktív zajszűrés, Dual Connect Sync technológia, Sztereó telefonhívások","AFA",49900,NULL,10,3,0,1);
INSERT INTO products(name,vendor,description,tax,price,sale_price,product_type,category_id,on_sale,in_stock) VALUES ("JBL Reflect Mini NC TruWireless fülhallgató, fehér",1,"JBL Signature Sound, 21 óra üzemmidő, Izzadságálló, Aktív zajszűrés, Dual Connect Sync technológia, Sztereó telefonhívások","AFA",49900,NULL,10,3,0,1);
INSERT INTO products(name,vendor,description,tax,price,sale_price,product_type,category_id,on_sale,in_stock) VALUES ("JBL Live Pro+ TWS fülhallgató, fekete",1,"JBL Signature Sound, 28 óra üzemmidő, IPX4 vízálló, Dual Connect Sync technológia, Sztereó telefonhívások","AFA",64900,52900,10,3,1,1);
INSERT INTO products(name,vendor,description,tax,price,sale_price,product_type,category_id,on_sale,in_stock) VALUES ("JBL Live Pro+ TWS fülhallgató, fehér",1,"JBL Signature Sound, 28 óra üzemmidő, IPX4 vízálló, Dual Connect Sync technológia, Sztereó telefonhívások","AFA",64900,52900,10,3,1,1);
INSERT INTO products(name,vendor,description,tax,price,sale_price,product_type,category_id,on_sale,in_stock) VALUES ("JBL Live Pro+ TWS fülhallgató, bézs",1,"JBL Signature Sound, 28 óra üzemmidő, IPX4 vízálló, Dual Connect Sync technológia, Sztereó telefonhívások","AFA",64900,52900,10,3,1,1);
INSERT INTO products(name,vendor,description,tax,price,sale_price,product_type,category_id,on_sale,in_stock) VALUES ("JBL Live Pro+ TWS fülhallgató, pink",1,"JBL Signature Sound, 28 óra üzemmidő, IPX4 vízálló, Dual Connect Sync technológia, Sztereó telefonhívások","AFA",64900,52900,10,3,1,1);
INSERT INTO products(name,vendor,description,tax,price,sale_price,product_type,category_id,on_sale,in_stock) VALUES ("JBL Live 460NC bluetooth fejhallgató, fekete",1,"Akár 50 órás üzemidő, 40 mm-es hangszóró, Google Fast Pair, Adaptiív zajszűrés, Egész napos élettartam egy feltöltéssel","AFA",44900,NULL,5,3,0,1);
INSERT INTO products(name,vendor,description,tax,price,sale_price,product_type,category_id,on_sale,in_stock) VALUES ("JBL Live 460NC bluetooth fejhallgató, kék",1,"Akár 50 órás üzemidő, 40 mm-es hangszóró, Google Fast Pair, Adaptiív zajszűrés, Egész napos élettartam egy feltöltéssel","AFA",44900,NULL,5,3,0,1);
INSERT INTO products(name,vendor,description,tax,price,sale_price,product_type,category_id,on_sale,in_stock) VALUES ("JBL Live 460NC bluetooth fejhallgató, fehér",1,"Akár 50 órás üzemidő, 40 mm-es hangszóró, Google Fast Pair, Adaptiív zajszűrés, Egész napos élettartam egy feltöltéssel","AFA",44900,NULL,5,3,0,1);
INSERT INTO products(name,vendor,description,tax,price,sale_price,product_type,category_id,on_sale,in_stock) VALUES ("JBL BoomBox 2 vízálló hordozható bluetooth hangszóró, fekete",1,"Akár 24 órás üzemidő, 60W teljesítmény, JBL Original Pro Sound, 20.000 mAh-s akkumulátor, IPX7 védelem","AFA",179900,NULL,1,1,0,1);
INSERT INTO products(name,vendor,description,tax,price,sale_price,product_type,category_id,on_sale,in_stock) VALUES ("JBL Live 460NC bluetooth fejhallgató, pink",1,"Akár 50 órás üzemidő, 40 mm-es hangszóró, Google Fast Pair, Adaptiív zajszűrés, Egész napos élettartam egy feltöltéssel","AFA",44900,NULL,5,3,0,1);
INSERT INTO products(name,vendor,description,tax,price,sale_price,product_type,category_id,on_sale,in_stock) VALUES ("JBL Bar 5.1 4K hangprojektor",1,"510W teljesítmény , Vezeték nélküli mélysugárzó, Vezeték nélküli hátsó hangszórók, Bluetooth kapcsolat","AFA",269900,229990,9,5,1,1);
INSERT INTO products(name,vendor,description,tax,price,sale_price,product_type,category_id,on_sale,in_stock) VALUES ("JBL Charge 5 hordozható bluetooth hangszóró, türkíz",1,"Akár 20 órás lejátszás, 27 Wh-s akkumulátor, Dupla USB csatlakozás, JBL Original Pro Sound, Partyboost kapocslódás, IP67 víz és porállóság","AFA",64900,59990,1,1,1,1);
INSERT INTO products(name,vendor,description,tax,price,sale_price,product_type,category_id,on_sale,in_stock) VALUES ("JBL Tune 710 BT bluetooth fejhallgató, fekete",1,"40 mm-es hangszórók , JBL Pure Bass , Bluetooth kapcsolat , 50 órás üzemidő , Hangvezérlés, hívások kezelése","AFA",25900,NULL,5,3,0,1);
INSERT INTO products(name,vendor,description,tax,price,sale_price,product_type,category_id,on_sale,in_stock) VALUES ("JBL Tune 710 BT bluetooth fejhallgató, fehér",1,"40 mm-es hangszórók , JBL Pure Bass , Bluetooth kapcsolat , 50 órás üzemidő , Hangvezérlés, hívások kezelése","AFA",25900,NULL,5,3,0,1);
INSERT INTO products(name,vendor,description,tax,price,sale_price,product_type,category_id,on_sale,in_stock) VALUES ("JBL Tune 710 BT bluetooth fejhallgató, kék",1,"40 mm-es hangszórók , JBL Pure Bass , Bluetooth kapcsolat , 50 órás üzemidő , Hangvezérlés, hívások kezelése","AFA",25900,NULL,5,3,0,1);
INSERT INTO products(name,vendor,description,tax,price,sale_price,product_type,category_id,on_sale,in_stock) VALUES ("JBL Tune 760NC bluetooth zajszűrős fejhallgató, fekete",1,"40 mm-es hangszórók , JBL Pure Bass , Bluetooth kapcsolat , 35 órás üzemidő , Hangvezérlés, hívások kezelése","AFA",42900,NULL,5,3,0,1);
INSERT INTO products(name,vendor,description,tax,price,sale_price,product_type,category_id,on_sale,in_stock) VALUES ("JBL Tune 760NC bluetooth zajszűrős fejhallgató, fehér",1,"40 mm-es hangszórók , JBL Pure Bass , Bluetooth kapcsolat , 35 órás üzemidő , Hangvezérlés, hívások kezelése","AFA",42900,NULL,5,3,0,1);
INSERT INTO products(name,vendor,description,tax,price,sale_price,product_type,category_id,on_sale,in_stock) VALUES ("JBL Tour One bluetooth zajszűrős fejhallgató",1,"40 mm-es hangszórók , JBL Pro Sound Hi-Res, Bluetooth kapcsolat , 35 órás üzemidő , Adaptív zajszűrés","AFA",99900,NULL,5,3,0,1);
INSERT INTO products(name,vendor,description,tax,price,sale_price,product_type,category_id,on_sale,in_stock) VALUES ("JBL Charge 5 hordozható bluetooth hangszóró, fehér",1,"Akár 20 órás lejátszás, 27 Wh-s akkumulátor, Dupla USB csatlakozás, JBL Original Pro Sound, Partyboost kapocslódás, IP67 víz és porállóság","AFA",64900,59990,1,1,1,1);
INSERT INTO products(name,vendor,description,tax,price,sale_price,product_type,category_id,on_sale,in_stock) VALUES ("JBL Flip 6 hordozható bluetooth hangszóró, fekete",1,"Akár 12 órás folyamatos használat, IP67 víz és porálló, USB-C csatlakozás, Bluetooth 5.1, JBL Partyboost támogatás","AFA",45900,NULL,1,1,0,1);
INSERT INTO products(name,vendor,description,tax,price,sale_price,product_type,category_id,on_sale,in_stock) VALUES ("JBL Flip 6 hordozható bluetooth hangszóró, kék",1,"Akár 12 órás folyamatos használat, IP67 víz és porálló, USB-C csatlakozás, Bluetooth 5.1, JBL Partyboost támogatás","AFA",45900,NULL,1,1,0,1);
INSERT INTO products(name,vendor,description,tax,price,sale_price,product_type,category_id,on_sale,in_stock) VALUES ("JBL Flip 6 hordozható bluetooth hangszóró, zöld",1,"Akár 12 órás folyamatos használat, IP67 víz és porálló, USB-C csatlakozás, Bluetooth 5.1, JBL Partyboost támogatás","AFA",45900,NULL,1,1,0,1);
INSERT INTO products(name,vendor,description,tax,price,sale_price,product_type,category_id,on_sale,in_stock) VALUES ("JBL Flip 6 hordozható bluetooth hangszóró, türkíz",1,"Akár 12 órás folyamatos használat, IP67 víz és porálló, USB-C csatlakozás, Bluetooth 5.1, JBL Partyboost támogatás","AFA",45900,NULL,1,1,0,1);
INSERT INTO products(name,vendor,description,tax,price,sale_price,product_type,category_id,on_sale,in_stock) VALUES ("JBL Flip 6 hordozható bluetooth hangszóró, piros",1,"Akár 12 órás folyamatos használat, IP67 víz és porálló, USB-C csatlakozás, Bluetooth 5.1, JBL Partyboost támogatás","AFA",45900,NULL,1,1,0,1);
INSERT INTO products(name,vendor,description,tax,price,sale_price,product_type,category_id,on_sale,in_stock) VALUES ("JBL T230TWS NC wireless fülhallgató, fekete",1,"Teljesen vezeték nélküli, Bluetooth 5.2, IPX 4 vízállóság, 10 órás lejátszás, 30 órányi töltési lehetőség, Dual Connect technológia","AFA",36900,34900,10,3,1,1);
INSERT INTO products(name,vendor,description,tax,price,sale_price,product_type,category_id,on_sale,in_stock) VALUES ("JBL T230TWS NC wireless fülhallgató, fehér",1,"Teljesen vezeték nélküli, Bluetooth 5.2, IPX 4 vízállóság, 10 órás lejátszás, 30 órányi töltési lehetőség, Dual Connect technológia","AFA",36900,34900,10,3,1,1);
INSERT INTO products(name,vendor,description,tax,price,sale_price,product_type,category_id,on_sale,in_stock) VALUES ("JBL T230TWS NC wireless fülhallgató, kék",1,"Teljesen vezeték nélküli, Bluetooth 5.2, IPX 4 vízállóság, 10 órás lejátszás, 30 órányi töltési lehetőség, Dual Connect technológia","AFA",36900,34900,10,3,1,1);
INSERT INTO products(name,vendor,description,tax,price,sale_price,product_type,category_id,on_sale,in_stock) VALUES ("JBL T230TWS NC wireless fülhallgató, homok",1,"Teljesen vezeték nélküli, Bluetooth 5.2, IPX 4 vízállóság, 10 órás lejátszás, 30 órányi töltési lehetőség, Dual Connect technológia","AFA",36900,34900,10,3,1,1);
INSERT INTO products(name,vendor,description,tax,price,sale_price,product_type,category_id,on_sale,in_stock) VALUES ("JBL Wave 100TWS wireless fülhallgató, fekete",1,"Teljesen vezeték nélküli, Bluetooth 5.0, 5 órás lejátszás, 20 órányi töltési lehetőség, Dual Connect technológia","AFA",19900,19490,10,3,1,1);
INSERT INTO products(name,vendor,description,tax,price,sale_price,product_type,category_id,on_sale,in_stock) VALUES ("JBL Wave 100TWS wireless fülhallgató, kék",1,"Teljesen vezeték nélküli, Bluetooth 5.0, 5 órás lejátszás, 20 órányi töltési lehetőség, Dual Connect technológia","AFA",19900,NULL,10,3,0,1);
INSERT INTO products(name,vendor,description,tax,price,sale_price,product_type,category_id,on_sale,in_stock) VALUES ("JBL Wave 100TWS wireless fülhallgató, homok",1,"Teljesen vezeték nélküli, Bluetooth 5.0, 5 órás lejátszás, 20 órányi töltési lehetőség, Dual Connect technológia","AFA",19900,NULL,10,3,0,1);
INSERT INTO products(name,vendor,description,tax,price,sale_price,product_type,category_id,on_sale,in_stock) VALUES ("JBL T560 BT bluetooth fejhallgató, fekete",1,"32 mm-es hangszórók, JBL Pure BasS, Vezeték nélküli, 16 órás üzemidő, Könnyű, lapos kivitel","AFA",15900,12900,5,3,1,1);
INSERT INTO products(name,vendor,description,tax,price,sale_price,product_type,category_id,on_sale,in_stock) VALUES ("JBL Partybox 710 hordozható bluetooth hangszóró",1,"800W RMS teljesítmény, JBL Original Pro Hang, Dinamikus, személyre szabható fényshow, IPX4 fröccsenésálló, Gitár és mikrofon bemenetek, PartyBox app","AFA",259900,NULL,1,1,0,1);
INSERT INTO products(name,vendor,description,tax,price,sale_price,product_type,category_id,on_sale,in_stock) VALUES ("JBL Flip 6 hordozható bluetooth hangszóró, szürke",1,"Akár 12 órás folyamatos használat, IP67 víz és porálló, USB-C csatlakozás, Bluetooth 5.1, JBL Partyboost támogatás","AFA",45900,NULL,1,1,0,1);
INSERT INTO products(name,vendor,description,tax,price,sale_price,product_type,category_id,on_sale,in_stock) VALUES ("JBL Tour Pro+ True Wireless fülhallgató",1,"Teljesen vezeték nélküli, Bluetooth 5.0, 5 órás lejátszás és 25 órányi töltési lehetőség, Dual Connect technológia","AFA",72900,NULL,10,3,0,1);
INSERT INTO products(name,vendor,description,tax,price,sale_price,product_type,category_id,on_sale,in_stock) VALUES ("JBL Stage2 624 16cm-es autó hangszóró pár",1,"16 cm-eskoaxiális hangszóró, 2 utas, koaxiális, 225W max teljesítmény","AFA",18990,NULL,8,2,0,1);
INSERT INTO products(name,vendor,description,tax,price,sale_price,product_type,category_id,on_sale,in_stock) VALUES ("JBL Quantum 350 Wrieless Gamer fejhallgató",1,"Levehető irányított mikfrofon, Vezeték nélküli kialakítás, Windows 10 kompatibilis, Flip up némítás, QuantumSOUND Signature, Memóriahab","AFA",39900,NULL,11,3,0,1);
INSERT INTO products(name,vendor,description,tax,price,sale_price,product_type,category_id,on_sale,in_stock) VALUES ("JBL EON 715 aktív hangsugárzó",1,"1300W RMS teljesítmény, JBL Original Pro Hang, Dinamikus, személyre szabható fényshow, IPX4 fröccsenésálló, Gitár és mikrofon bemenetek, PartyBox app","AFA",251900,NULL,1,1,0,1);
INSERT INTO products(name,vendor,description,tax,price,sale_price,product_type,category_id,on_sale,in_stock) VALUES ("Severin EA3654 befőző edény",2,"Karcálló zománccal, Fokozatmentes hőmérséklet-szabályozás, Ideális befőzéshez, Melegen tartó funkció, Jól látható ellenőrző fény, Praktikus kimeneti csap, 1800 W teljesítmény","AFA",39990,36800,14,9,1,1);
INSERT INTO products(name,vendor,description,tax,price,sale_price,product_type,category_id,on_sale,in_stock) VALUES ("Severin JG3518 joghurt készítő",2,"","AFA",11490,8990,14,9,1,1);
INSERT INTO products(name,vendor,description,tax,price,sale_price,product_type,category_id,on_sale,in_stock) VALUES ("Severin KS9889 15 palackos borhűtő",2,"46 Liter űrtartalom, 15 db 0,75 l-es palackhoz, Állítható hőmérséklet, Automata kiolvasztás, Jobboldalas ajtónyitás","AFA",91900,NULL,15,29,0,1);
INSERT INTO products(name,vendor,description,tax,price,sale_price,product_type,category_id,on_sale,in_stock) VALUES ("Severin KS9884 33 palackos borhűtő",2,"95 Liter űrtartalom, 33 db 0,75 l-es palackhoz, Állítható hőmérséklet, LED világítás, Jobboldalas ajtónyitás","AFA",128900,NULL,15,29,0,1);
INSERT INTO products(name,vendor,description,tax,price,sale_price,product_type,category_id,on_sale,in_stock) VALUES ("Severin SM3792 botmixer, 600W",2,"2 sebességfokozat, Leválasztható rozsdamentes acél keverőláb, Rozsdamentes acél vágóél, 13000-es fordulatszám, Akasztó a tároláshoz, 600 W teljesítmény ","AFA",10990,10100,16,21,1,1);
INSERT INTO products(name,vendor,description,tax,price,sale_price,product_type,category_id,on_sale,in_stock) VALUES ("Severin SM3795 botmixer, 600W",2,"2 sebességfokozat, Leválasztható rozsdamentes acél keverőláb, Rozsdamentes acél vágóél, 13000-es fordulatszám, Akasztó a tároláshoz, 600 W teljesítmény ","AFA",10990,10100,16,21,1,1);
INSERT INTO products(name,vendor,description,tax,price,sale_price,product_type,category_id,on_sale,in_stock) VALUES ("Severin SM3798 botmixer szett, 600W",2,"2 sebességfokozat, Leválasztható rozsdamentes acél keverőláb, 0,5 literes aprító kehely, Habverő, 13000-es fordulatszám, 600 W teljesítmény ","AFA",15490,14300,16,21,1,1);
INSERT INTO products(name,vendor,description,tax,price,sale_price,product_type,category_id,on_sale,in_stock) VALUES ("Severin CM2198 palacsintasütő, 30 cm",2,"30 cm-es sütőfelület, Szabályozható hőfok, Működést jelző LED, Simítópálca és spatula tartozék, Tapadásmentes felület, 1000 W teljesítmény","AFA",13990,12900,17,9,1,1);
INSERT INTO products(name,vendor,description,tax,price,sale_price,product_type,category_id,on_sale,in_stock) VALUES ("Severin HA2082 ostyasütő, 850W",2,"Tapadásmentes felület, Hőfokszabályozás, Müködést jelző LED, Csúszásmentes lábak, Kúpos formázó eszköz, 850 W teljesítmény","AFA",12990,12000,17,9,1,1);
INSERT INTO products(name,vendor,description,tax,price,sale_price,product_type,category_id,on_sale,in_stock) VALUES ("Severin SV2447 Sous-Vide Cooker",2,"Sous Vide főzőedény, Polírozott rozsdamentes acél ház, Eltávolítható, tapadásmentes edény, Űrtartalom 6 liter, Zsírmentes főzés, 800 W teljesítmény","AFA",43990,40500,18,9,1,1);
INSERT INTO products(name,vendor,description,tax,price,sale_price,product_type,category_id,on_sale,in_stock) VALUES ("Severin KG2389 automata grill",2,"Hőálló burkolat, Tapadásmentes grill lapok, Változtatható hőfok szabályozás, Teljesen szétnyitható grill lapok, 1800 W teljesítmény","AFA",24990,23000,19,16,1,1);
INSERT INTO products(name,vendor,description,tax,price,sale_price,product_type,category_id,on_sale,in_stock) VALUES ("Severin KG2394 mini kontakt grill, 800W",2,"Grill lapok mérete 23x14.5 cm, Alkalmas panini,húsok,zöldségek sütéséhez, Könnyen tárolható, Tapadásmentes grill lapok, Teljesítmény: 800W,  ","AFA",11990,11100,19,16,1,1);
INSERT INTO products(name,vendor,description,tax,price,sale_price,product_type,category_id,on_sale,in_stock) VALUES ("Severin PG8541 álló grill, 2000W",2,"83 cm-es magasság, Könnyen tisztítható, 41 cm átmérőjű grillező felület, Változtatható hőfokszabályzás, 2000 W teljesítmény ","AFA",52990,48700,19,16,1,1);
INSERT INTO products(name,vendor,description,tax,price,sale_price,product_type,category_id,on_sale,in_stock) VALUES ("Severin RG2371 raclette grill",2,"Kő grill felület, 8 személyre ajánlott, Méret: 49x25cm, Tapadásmentes bevonat, Könnyen tisztítható","AFA",21990,20200,19,16,1,1);
INSERT INTO products(name,vendor,description,tax,price,sale_price,product_type,category_id,on_sale,in_stock) VALUES ("Severin RG2372 raclette grill",2,"Kő grill felület, 8 személyre ajánlott, Méret: 49x25cm, Tapadásmentes bevonat, Könnyen tisztítható","AFA",21990,20200,19,16,1,1);
INSERT INTO products(name,vendor,description,tax,price,sale_price,product_type,category_id,on_sale,in_stock) VALUES ("Severin RG2373 raclette grill",2,"Kő grill felület, 8 személyre ajánlott, Méret: 49x25cm, Tapadásmentes bevonat, Könnyen tisztítható","AFA",21990,20200,19,16,1,1);
INSERT INTO products(name,vendor,description,tax,price,sale_price,product_type,category_id,on_sale,in_stock) VALUES ("Severin RG2374 raclette grill",2,"Kő grill felület, 8 személyre ajánlott, Méret: 49x25cm, Tapadásmentes bevonat, Könnyen tisztítható","AFA",21990,20200,19,16,1,1);
INSERT INTO products(name,vendor,description,tax,price,sale_price,product_type,category_id,on_sale,in_stock) VALUES ("Severin KA5978 eszpresszó kávéfőző",2,"3,5 bar nyomás, 220ml-es víztartály, Automatikus kikapcsolás, Müködést jelző LED, Mércézett üvegkanna","AFA",19990,18400,20,15,1,1);
INSERT INTO products(name,vendor,description,tax,price,sale_price,product_type,category_id,on_sale,in_stock) VALUES ("Severin KA4810 filteres kávéfőző darálóval",2,"Filteres kávéfőző beépített kávédarálóval, 3 aroma beállítási lehetőség, Időzítő beállítási lehetőséggel, Automatikus kikapcsolás funkció, Szabályozható a kávé erőssége","AFA",55990,51500,21,15,1,1);
INSERT INTO products(name,vendor,description,tax,price,sale_price,product_type,category_id,on_sale,in_stock) VALUES ("Severin ZU3608 10 méteres vákuumfólia",2,"10 méter, 28,5 cm-es széles, 3db / csomag","AFA",2590,2400,22,27,1,1);
INSERT INTO products(name,vendor,description,tax,price,sale_price,product_type,category_id,on_sale,in_stock) VALUES ("Severin SA2968 szendvicssütő, 1000W",2,"Könnyen tisztítható tapadásmentes lapok, Bekapcsolást és működést jelző LED, Hőszigetelt fogantyú, 3 cserélhető sütőlap: szendvics, gofri, grill, 1000 W teljesítmény","AFA",17990,16600,23,19,1,1);
INSERT INTO products(name,vendor,description,tax,price,sale_price,product_type,category_id,on_sale,in_stock) VALUES ("Severin WA2103 gofrisütő, 1300W",2,"","AFA",11990,8990,23,19,1,1);
INSERT INTO products(name,vendor,description,tax,price,sale_price,product_type,category_id,on_sale,in_stock) VALUES ("Severin WA2106 dupla gofrisütő",2,"1200 W teljesítmény, Dupla gofrisütő, Tapadásmentes bevonat, Változtatható hőfokszabályozó, Működést jelző LED, Helytakarékos függőleges tárolás ","AFA",14990,13800,23,19,1,1);
INSERT INTO products(name,vendor,description,tax,price,sale_price,product_type,category_id,on_sale,in_stock) VALUES ("Severin WA2114 gofrisütő",2,"800W teljesítmény","AFA",13490,12400,23,19,1,1);
INSERT INTO products(name,vendor,description,tax,price,sale_price,product_type,category_id,on_sale,in_stock) VALUES ("Severin SC 7141 elektromos ablaktisztító",2,"Eelektromos ablaktisztító, Lítium-ion akkumulátor, Töltés USB-kábelen keresztül, Rendkívül könnyű, Szennyezőanyag-tartály, A szennyezett vizet hamar elszívja a készülék","AFA",15990,14700,24,26,1,1);
INSERT INTO products(name,vendor,description,tax,price,sale_price,product_type,category_id,on_sale,in_stock) VALUES ("Severin ES3566 inox gyümölcs centrifuga",2,"Választatható 2 sebességfokozat, Kemény és puha gyümölcsökhöz, 1500 ml-es gyümölcshústartály, 500 ml-es gyümölcslétartály, 400 W teljesítmény","AFA",18490,17000,25,9,1,1);
INSERT INTO products(name,vendor,description,tax,price,sale_price,product_type,category_id,on_sale,in_stock) VALUES ("Severin HT0140 hajszárító",2,"1900W teljesítmény, 2 sebesség és hőmérséklet, Hideg levegő gomb, Akasztó","AFA",8590,7900,26,28,1,1);
INSERT INTO products(name,vendor,description,tax,price,sale_price,product_type,category_id,on_sale,in_stock) VALUES ("Severin HT0141 hajszárító",2,"2100W teljesítmény, 2 sebesség és 3 hőmérséklet, Hideg levegő gomb, Visszahúzódó kábel","AFA",12990,11990,26,28,1,1);
INSERT INTO products(name,vendor,description,tax,price,sale_price,product_type,category_id,on_sale,in_stock) VALUES ("Severin KS9957 retro felülfagyasztós hűtőszekrény",2,"209 liter űrtartalom (162/47), Jobboldali ajtónyitás, Állítható hőmérséklet, Állítható lábak","AFA",189900,NULL,27,29,0,1);
INSERT INTO products(name,vendor,description,tax,price,sale_price,product_type,category_id,on_sale,in_stock) VALUES ("Severin KS9956 retro felülfagyasztós hűtőszekrény",2,"209 liter űrtartalom (162/47), Jobboldali ajtónyitás, Állítható hőmérséklet, Állítható lábak","AFA",189900,NULL,27,29,0,1);
INSERT INTO products(name,vendor,description,tax,price,sale_price,product_type,category_id,on_sale,in_stock) VALUES ("Severin KS9955 retro felülfagyasztós hűtőszekrény",2,"209 liter űrtartalom (162/47), Jobboldali ajtónyitás, Állítható hőmérséklet, Állítható lábak","AFA",189900,NULL,27,29,0,1);
INSERT INTO products(name,vendor,description,tax,price,sale_price,product_type,category_id,on_sale,in_stock) VALUES ("Severin KS9950 felülfagyasztós hűtőszekrény",2,"212 liter űrtartalom (166/46), Hagyományos krétával festhető, Megfordítható ajtók, Automata kiolvasztás a hűtőszekrényben","AFA",179900,NULL,27,29,0,1);
INSERT INTO products(name,vendor,description,tax,price,sale_price,product_type,category_id,on_sale,in_stock) VALUES ("Severin KM3874 kávédaráló",2,"Állítható őrlési finomság és kávémennyiség, 150 g őrölt kávé kapacitás, Üveg kávégyűjtő edény, Csúszásmentes lábak, Könnyen tisztítható, 100 W teljesítmény","AFA",16990,15700,28,17,1,1);
INSERT INTO products(name,vendor,description,tax,price,sale_price,product_type,category_id,on_sale,in_stock) VALUES ("Severin KA4478 kávéfőző, fehér",2,"Vízszint jelző, Elforgatható és kivehető szűrőtartály, Kivehető szűrő, 10 csésze kapacitás, Vízszintezett üvegkanna, 800 W teljesítmény","AFA",11290,10400,29,15,1,1);
INSERT INTO products(name,vendor,description,tax,price,sale_price,product_type,category_id,on_sale,in_stock) VALUES ("Severin KA4479 kávéfőző, fekete",2,"Vízszint jelző, Elforgatható és kivehető szűrőtartály, Kivehető szűrő, 10 csésze kapacitás, Vízszintezett üvegkanna, 800W teljesítmény","AFA",11290,10400,29,15,1,1);
INSERT INTO products(name,vendor,description,tax,price,sale_price,product_type,category_id,on_sale,in_stock) VALUES ("Severin KA 5994 espresso kávéfőző",2,"15 bar nyom&aacute;s, 1,1 literes v&iacute;ztart&aacute;ly, Thermo-block rendzser, &Eacute;rint&eacute;s vez&eacute;rl&eacute;s","AFA",61990,57000,29,15,1,1);
INSERT INTO products(name,vendor,description,tax,price,sale_price,product_type,category_id,on_sale,in_stock) VALUES ("Severin KA 5995 espresso kávéfőző",2,"15 bar nyom&aacute;s, Professzion&aacute;lis barista ind&iacute;t&oacute;k&eacute;szlet, Thermo-block rendzser, &Eacute;rint&eacute;s vez&eacute;rl&eacute;s","AFA",76990,70800,29,15,1,1);
INSERT INTO products(name,vendor,description,tax,price,sale_price,product_type,category_id,on_sale,in_stock) VALUES ("Severin AT2234 hosszú szeletes kenyérpirító",2,"Extra széles nyílások, Pirítási fokozat beállítási lehetőség, Zsemlemelegítő rács, Kiolvasztás funkció, Kivehető morzsatálca, 1400 W teljesítmény ","AFA",14990,13800,30,8,1,1);
INSERT INTO products(name,vendor,description,tax,price,sale_price,product_type,category_id,on_sale,in_stock) VALUES ("Severin AT2286 kenyérpirító",2,"Széles nyílások, Két normál szelet kenyérhez, Pirítási fokozat beállítási lehetőség, Zsemlemelegítő rács, Kivehető morzsatálca, 700 W teljesítmény","AFA",8490,7800,30,8,1,1);
INSERT INTO products(name,vendor,description,tax,price,sale_price,product_type,category_id,on_sale,in_stock) VALUES ("Severin AT2287 kenyérpirító, fekete",2,"Széles nyílások, Két normál szelet kenyérhez, Pirítási fokozat beállítási lehetőség, Zsemlemelegítő rács, Kivehető morzsatálca, 700 W teljesítmény","AFA",8490,7800,30,8,1,1);
INSERT INTO products(name,vendor,description,tax,price,sale_price,product_type,category_id,on_sale,in_stock) VALUES ("Severin AT2509 4 szeletes kenyérpirító",2,"Extra széles nyílások, Két hosszú- vagy négy normál szelet kenyérhez, Kettős falú hőszigetelt nemesacélház, Pirítási fokozat beállítási lehetőség, 1400 W teljesítmény, Inox kivitel ","AFA",18490,17000,30,8,1,1);
INSERT INTO products(name,vendor,description,tax,price,sale_price,product_type,category_id,on_sale,in_stock) VALUES ("Severin AT2514 inox kenyérpirító",2,"Extra széles nyílások, Két normál szelet kenyérhez, Kettős falú hőszigetelt nemesacél ház, 850 W teljesítmény, Inox kivitel","AFA",13890,12800,30,8,1,1);
INSERT INTO products(name,vendor,description,tax,price,sale_price,product_type,category_id,on_sale,in_stock) VALUES ("Severin AT2516 kenyérpirító és szendvicssütő",2,"Extra széles nyílások, Szendvics kiemelő rács, Kettős falú hőszigetelt nemesacélház, Kivehető morzsatálca, 540 W teljesítmény, Inox kivitel","AFA",15490,14300,30,8,1,1);
INSERT INTO products(name,vendor,description,tax,price,sale_price,product_type,category_id,on_sale,in_stock) VALUES ("Severin AT2589 inox kenyérpirító",2,"Extra széles nyílások, Két normál szelet kenyérhez, Kettős falú hőszigetelt nemesacélház, 800 W teljesítmény, Inox kivitel","AFA",12990,12000,30,8,1,1);
INSERT INTO products(name,vendor,description,tax,price,sale_price,product_type,category_id,on_sale,in_stock) VALUES ("Severin AT 2590 inox kenyérpirító",2,"Extra sz&eacute;les ny&iacute;l&aacute;sok, K&eacute;t norm&aacute;l szelet keny&eacute;rhez, Kettős fal&uacute; hőszigetelt nemesac&eacute;lh&aacute;z, 1400 W teljes&iacute;tm&eacute;ny, Inox kivitel","AFA",16490,15200,30,8,1,1);
INSERT INTO products(name,vendor,description,tax,price,sale_price,product_type,category_id,on_sale,in_stock) VALUES ("Severin AT2515 inox kenyérpirító",2,"Extra széles nyílások , Két hosszú kenyérhez , Kettős falú hőszigetelt nemesacél ház , 1000 W teljesítmény , Inox kivitel","AFA",15490,12900,30,8,1,1);
INSERT INTO products(name,vendor,description,tax,price,sale_price,product_type,category_id,on_sale,in_stock) VALUES ("Severin AT2217 inox kenyérpirító, piros",2,"Extra széles nyílások , Két normál kenyérhez , Kettős falú hőszigetelt nemesacél ház , 800 W teljesítmény , Piros nemesacél kivitel","AFA",13990,12900,30,8,1,1);
INSERT INTO products(name,vendor,description,tax,price,sale_price,product_type,category_id,on_sale,in_stock) VALUES ("Severin AT2232 hosszú szeletes kenyérpirító",2,"Extra széles nyílások, 2 hosszú kenyér píritására, Zsemlemelegítő rács, Kiolvasztás funkció, Kivehető morzsatálca, 800 W teljesítmény","AFA",12590,11600,30,8,1,1);
INSERT INTO products(name,vendor,description,tax,price,sale_price,product_type,category_id,on_sale,in_stock) VALUES ("Severin HM3820 kézi mixer, 300W",2,"5 sebességfokozat, Extra turbó fokozat, 2 habverő és 2 dagasztóvilla, Kioldó gomb a tartozékok könnyű eltávolításához, 300 W teljesítmény","AFA",9590,7590,31,14,1,1);
INSERT INTO products(name,vendor,description,tax,price,sale_price,product_type,category_id,on_sale,in_stock) VALUES ("Severin HM3822 kézi mixer, 300W",2,"5 sebességfokozat, Extra turbó fokozat, 1 botmixer keverőláb 2 habverő és 2 dagasztóvilla, 300 W teljesítmény","AFA",12990,12000,31,14,1,1);
INSERT INTO products(name,vendor,description,tax,price,sale_price,product_type,category_id,on_sale,in_stock) VALUES ("Severin HM3830 kézi mixer",2,"5 sebességfokozat, Extra turbó fokozat, 2  króm habverő és 2 króm dagasztóvilla, 400 W teljesítmény, Rugalmas spirál kábel","AFA",10990,10100,31,14,1,1);
INSERT INTO products(name,vendor,description,tax,price,sale_price,product_type,category_id,on_sale,in_stock) VALUES ("Severin HM3832 kézi mixer",2,"5 sebességfokozat, Extra turbó fokozat, 2  króm habverő és 2 króm dagasztóvilla, 400 W teljesítmény, Rugalmas spirál kábel","AFA",10990,10100,31,14,1,1);
INSERT INTO products(name,vendor,description,tax,price,sale_price,product_type,category_id,on_sale,in_stock) VALUES ("Severin HM3810 tálas mixer",2,"5 sebességfokozat, Extra turbó fokozat, 2 habverő és 2 dagasztóvilla, 3 literes keverőtál, 300 W teljesítmény","AFA",14990,13800,31,14,1,1);
INSERT INTO products(name,vendor,description,tax,price,sale_price,product_type,category_id,on_sale,in_stock) VALUES ("Severin FR2430 légkeveréses sütő",2,"Olaj-, zsírmentes sütés, LCD kijelző, Automatikus kikapcsolás időzítő, Szabályozható hőmérséklet, Tapadásmentes bevonatú sütőtál és sütőkosár, 3,2 literes térfogat, 6 automata program","AFA",36990,34000,32,23,1,1);
INSERT INTO products(name,vendor,description,tax,price,sale_price,product_type,category_id,on_sale,in_stock) VALUES ("Severin FR2445 légkeveréses sütő",2,"2000 Watt teljesítmény, LED kijelző, 8 program és egyedi programok, XXL sütőkosár kerámiabevonattal","AFA",47990,44100,32,23,1,1);
INSERT INTO products(name,vendor,description,tax,price,sale_price,product_type,category_id,on_sale,in_stock) VALUES ("Severin FR2455 kompakt légkeveréses sütő",2,"900 Watt teljesítmény, LED kijelző, Állítható hűmérséklet, Rendekívül kompakt kialakítás","AFA",28990,26700,32,23,1,1);
INSERT INTO products(name,vendor,description,tax,price,sale_price,product_type,category_id,on_sale,in_stock) VALUES ("Severin MW7862 mikrohullámú sütő",2,"20 literes térfogat, Mikro teljesítmény: 700W, Kivehető forgó tányér, 30 perces időzitő hangjelzéssel, 6 teljesítmény fokozat, Ezüst-Fekete kivitel","AFA",36990,34000,33,18,1,1);
INSERT INTO products(name,vendor,description,tax,price,sale_price,product_type,category_id,on_sale,in_stock) VALUES ("Severin MW7874 mikrohullámú sütő",2,"Melegítés, kiolvasztás, grillezés, 9 teljesítményszint, Mikrohullámú teljesítmény: 700 W, Grill teljesítmény: 900 W, Térfogat: 20 liter","AFA",41990,38600,33,18,1,1);
INSERT INTO products(name,vendor,description,tax,price,sale_price,product_type,category_id,on_sale,in_stock) VALUES ("Severin MW7875 mikrohullámú sütő",2,"Melegítés, kiolvasztás, grillezés, 9 teljesítményszint, Mikrohullámú teljesítmény: 700 W, Grill teljesítmény: 900 W, Térfogat: 20 liter","AFA",39990,36800,33,18,1,1);
INSERT INTO products(name,vendor,description,tax,price,sale_price,product_type,category_id,on_sale,in_stock) VALUES ("Severin MW7890 mikrohullámú sütő",2,"20 literes térfogat, Mikro teljesítmény: 700W, 35 perces időzitő hangjelzéssel, 5 teljesítmény fokozat, Mechanikus vezérlőgombok, Melegítés,kiolvasztás","AFA",31990,29400,33,18,1,1);
INSERT INTO products(name,vendor,description,tax,price,sale_price,product_type,category_id,on_sale,in_stock) VALUES ("Severin MW7891 mikrohullámú sütő",2,"20 literes t&eacute;rfogat, Mikro teljes&iacute;tm&eacute;ny: 700W, Grill teljes&iacute;tm&eacute;ny: 1000W, 5 teljes&iacute;tm&eacute;ny fokozat, Mechanikus vez&eacute;rlőgombok, Meleg&iacute;t&eacute;s,kiolvaszt&aacute;s","AFA",33990,31300,33,18,1,1);
INSERT INTO products(name,vendor,description,tax,price,sale_price,product_type,category_id,on_sale,in_stock) VALUES ("Severin MW7893 mikrohullámú sütő, piros",2,"20 literes t&eacute;rfogat, Mikro teljes&iacute;tm&eacute;ny 700W, Grill teljes&iacute;tm&eacute;ny 1000W, LCD multifunkci&oacute;s kijelző, Digit&aacute;lis időzitő hangjelz&eacute;ssel","AFA",43990,40500,33,18,1,1);
INSERT INTO products(name,vendor,description,tax,price,sale_price,product_type,category_id,on_sale,in_stock) VALUES ("Severin MW7892 mikrohullámú sütő",2,"20 literes térfogat,  Retro forma, Mikro teljesítmény: 700W,  Grill teljesítmény 1000W, 5 teljesítmény fokozat, Bézs színben","AFA",43990,40500,33,18,1,1);
INSERT INTO products(name,vendor,description,tax,price,sale_price,product_type,category_id,on_sale,in_stock) VALUES ("Severin MW7750 mikrohullámú sütő",2,"20 literes térfogat, Fekete kivitel, 3 saját program, Mikro teljesítmény: 800W,  Grill teljesítmény 1000W, 10 teljesítmény fokozat","AFA",45990,42300,33,18,1,1);
INSERT INTO products(name,vendor,description,tax,price,sale_price,product_type,category_id,on_sale,in_stock) VALUES ("Severin MW7751 mikrohullámú sütő",2,"20 literes térfogat, Mikro teljesítmény: 800W,  Grill teljesítmény 1000W, Csendes üzemmód, 10 teljesítmény fokozat","AFA",54990,50600,33,18,1,1);
INSERT INTO products(name,vendor,description,tax,price,sale_price,product_type,category_id,on_sale,in_stock) VALUES ("Severin MW7752 3 az 1-ben mikrohullámú sütő",2,"23 literes térfogat, Mikro teljesítmény: 900W,  Grill teljesítmény 1000W, Forrólevegős teljesítmény 1950W, Csendes üzemmód, 10 teljesítmény fokozat","AFA",63990,58800,33,18,1,1);
INSERT INTO products(name,vendor,description,tax,price,sale_price,product_type,category_id,on_sale,in_stock) VALUES ("Severin MW7753 3 az 1-ben mikrohullámú sütő",2,"23 literes térfogat, Mikro teljesítmény: 900W,  Grill teljesítmény 1000W, Forrólevegős teljesítmény 1950W, Csendes üzemmód, 10 teljesítmény fokozat","AFA",68990,63400,33,18,1,1);
INSERT INTO products(name,vendor,description,tax,price,sale_price,product_type,category_id,on_sale,in_stock) VALUES ("Severin MW7880 beépíthető 2 az 1-ben mikrohullámú sütő",2,"Beépíthető mikrohullámú sütő, 20 literes térfogat, Mikro teljesítmény: 800W,  Grill teljesítmény 1000W, Digitális többfunkciós kijelző, , ","AFA",77990,71700,33,18,1,1);
INSERT INTO products(name,vendor,description,tax,price,sale_price,product_type,category_id,on_sale,in_stock) VALUES ("Severin MW7756 mikrohullámú sütő",2,"25 literes térfogat, Mikro teljesítmény: 900W, Csendes funkció, Modern LED kijelző, FavouriteDish funkció","AFA",50990,46900,33,18,1,1);
INSERT INTO products(name,vendor,description,tax,price,sale_price,product_type,category_id,on_sale,in_stock) VALUES ("Severin MW7757 inverteres mikrohullámú sütő",2,"25 literes térfogat, Mikro teljesítmény: 900W, Csendes funkció, Inverter technológia, FavouriteDish funkció","AFA",55990,51500,33,18,1,1);
INSERT INTO products(name,vendor,description,tax,price,sale_price,product_type,category_id,on_sale,in_stock) VALUES ("Severin TO2045 mini sütő, 1500W",2,"Teljesítmény: 1500W, Kapacitás: 20 liter, Állítható hőfokszabályozó: 100°-230°C, 60 perces időzítő, Felső és alsó fűtés","AFA",32990,30300,34,23,1,1);
INSERT INTO products(name,vendor,description,tax,price,sale_price,product_type,category_id,on_sale,in_stock) VALUES ("Severin TO2052 mini sütő, 800W",2,"9 literes beltér, 60 perces időzítővel, Felső és alsó hőfok külön is alkalmazható, Grill és sütőállvány, Csúszásmentes lábak, 800 W teljesítmény","AFA",18590,17100,34,23,1,1);
INSERT INTO products(name,vendor,description,tax,price,sale_price,product_type,category_id,on_sale,in_stock) VALUES ("Severin TO2054 mini sütő, 800W",2,"9 literes beltér, 60 perces időzítővel, Felső és alsó hőfok külön is alkalmazható, Grill és sütőállvány, Csúszásmentes lábak, 800 W teljesítmény","AFA",18590,17100,34,23,1,1);
INSERT INTO products(name,vendor,description,tax,price,sale_price,product_type,category_id,on_sale,in_stock) VALUES ("Severin TO2064 mini sütő, 1200W",2,"","AFA",24590,22600,34,23,1,1);
INSERT INTO products(name,vendor,description,tax,price,sale_price,product_type,category_id,on_sale,in_stock) VALUES ("Severin TO2070 mini sütő",2,"20 literes beltér, 120 perces időzítővel, , 1500W sütő teljesítmény","AFA",42990,39500,34,23,1,1);
INSERT INTO products(name,vendor,description,tax,price,sale_price,product_type,category_id,on_sale,in_stock) VALUES ("Severin HV7144 kézi porszívó, fehér",2,"Li-ion akkumulátor, 200 ml-es por és 100 ml folyadék kapacitás, Könnyű, gyors és rugalmas használat, Fali tartó bázis","AFA",14590,13400,35,26,1,1);
INSERT INTO products(name,vendor,description,tax,price,sale_price,product_type,category_id,on_sale,in_stock) VALUES ("Severin EM3965 elektromos kés, fehér",2,"Biztonsági kapcsoló, Kioldó gomb a penge kioldásához, Mosogatógépben mosható pengék, Kéz védelem, 100 W teljesítmény","AFA",9990,9200,36,25,1,1);
INSERT INTO products(name,vendor,description,tax,price,sale_price,product_type,category_id,on_sale,in_stock) VALUES ("Severin AS3915 elektromos étel szeletelő",2,"0-15mm közt állítható vágási vastagság, Kivehető, rozsdamentes penge, 190mm ?, Levehető rozsdamentes végdarabtartó, Csúszásmentes lábak, 180W teljesímtény","AFA",29990,27600,36,25,1,1);
INSERT INTO products(name,vendor,description,tax,price,sale_price,product_type,category_id,on_sale,in_stock) VALUES ("Severin SA2971 szendvicssütő, 600W",2,"Hőálló burkolat, Tapadásmentes lapok, Könnyen tisztítható, Bekapcsolást és működést jelző LED, 600 W teljesítmény","AFA",7990,7400,37,19,1,1);
INSERT INTO products(name,vendor,description,tax,price,sale_price,product_type,category_id,on_sale,in_stock) VALUES ("Severin SM3707 turmixgép, 600W",2,"1,5 literes tartály, 2 sebességfokozat pulzáló funkcióval, Levehető mérőpohár a fedőn, Csúszásmentes talapzat, 600 W teljesítmény ","AFA",13990,12900,38,20,1,1);
INSERT INTO products(name,vendor,description,tax,price,sale_price,product_type,category_id,on_sale,in_stock) VALUES ("Severin SM3718 turmixgép",2,"1,5 literes üveg kehely, Rozsdamentes acél vágópenge, 2 sebességfokozat pulzáló funkcióval, Levehető mérőpohár a fedőn, 550 W teljesítmény","AFA",18490,17000,38,20,1,1);
INSERT INTO products(name,vendor,description,tax,price,sale_price,product_type,category_id,on_sale,in_stock) VALUES ("Severin SM 3735 Smoothie Mix & Go turmixgép",2,"Rozsdamentes acél vágópenge, Könnyen tisztítható, Csúszásmentes talapzat, 2db 600ml-es BPA mentes palack, 300 W teljesítmény","AFA",12990,12000,38,20,1,1);
INSERT INTO products(name,vendor,description,tax,price,sale_price,product_type,category_id,on_sale,in_stock) VALUES ("Severin FS3604 vákuum fóliázó, fehér",2,"Vákuum szívó és hegesztő funkció, 1db 28,5 cm széles fóliát tartalmaz, Bekapcsolást és működést jelző LED, 160 W teljesítmény ","AFA",12990,12000,39,13,1,1);
INSERT INTO products(name,vendor,description,tax,price,sale_price,product_type,category_id,on_sale,in_stock) VALUES ("Severin FS3610 vákuum fóliázó",2,"Vákuum szívó és hegesztő funkció , 10db 28 cm széles fóliát tartalmaz , Bekapcsolást és működést jelző LED , 110 W teljesítmény","AFA",19990,18400,39,13,1,1);
INSERT INTO products(name,vendor,description,tax,price,sale_price,product_type,category_id,on_sale,in_stock) VALUES ("Severin WK3644 vízforraló",2,"0,5 literes kapacitás, 2 csészével van csomagolva, Termikus biztonsági szelep, Kétoldalas vízszintkijelző, 650 W teljesítmény","AFA",6290,5800,40,24,1,1);
INSERT INTO products(name,vendor,description,tax,price,sale_price,product_type,category_id,on_sale,in_stock) VALUES ("Severin WK3477 vízforraló",2,"1,7 literes kapacitás, Állítható hőmérséklet, 30 perces melegentartás, Rejtett fűtőszál, 2200 W teljesítmény","AFA",21990,20200,40,24,1,1);
INSERT INTO products(name,vendor,description,tax,price,sale_price,product_type,category_id,on_sale,in_stock) VALUES ("Severin WK3416 vízforraló",2,"1,7 literes kapacitás, Megvilágított vízszint kijelző, Rejtett fűtőszál, 2400 W teljesítmény","AFA",16990,15700,40,24,1,1);
INSERT INTO products(name,vendor,description,tax,price,sale_price,product_type,category_id,on_sale,in_stock) VALUES ("Severin WK3418 vízforraló",2,"1,7 literes kapacitás, Megvilágított vízszint kijelző, Rejtett fűtőszál, LCD kijezlő, Hőfokszabályzás, 3000 W teljesítmény","AFA",21990,20200,40,24,1,1);
INSERT INTO categories_name(category_name) VALUES ("Hordozható hangszóró");
INSERT INTO categories_name(category_name) VALUES ("Hangfal");
INSERT INTO categories_name(category_name) VALUES ("Fülhallgató, fejhallgató");
INSERT INTO categories_name(category_name) VALUES ("Autó erősítő");
INSERT INTO categories_name(category_name) VALUES ("Hangprojektor");
INSERT INTO categories_name(category_name) VALUES ("Mélyláda");
INSERT INTO categories_name(category_name) VALUES ("Ébresztőóra");
INSERT INTO categories_name(category_name) VALUES ("Kenyérpirító");
INSERT INTO categories_name(category_name) VALUES ("Egyéb kiskészülék");
INSERT INTO categories_name(category_name) VALUES ("Elektromos kés");
INSERT INTO categories_name(category_name) VALUES ("Gyümölcscentrifuga");
INSERT INTO categories_name(category_name) VALUES ("Olajsütő, forrólevegős sütő");
INSERT INTO categories_name(category_name) VALUES ("Fóliahegesztő gép");
INSERT INTO categories_name(category_name) VALUES ("Kézi mixer");
INSERT INTO categories_name(category_name) VALUES ("Kávéfőző");
INSERT INTO categories_name(category_name) VALUES ("Grillsütő, raclette, barbecue");
INSERT INTO categories_name(category_name) VALUES ("Kávédaráló");
INSERT INTO categories_name(category_name) VALUES ("Mikrohullámú sütő");
INSERT INTO categories_name(category_name) VALUES ("Szendvicssütő, gofrisütő");
INSERT INTO categories_name(category_name) VALUES ("Turmixgép");
INSERT INTO categories_name(category_name) VALUES ("Botmixer");
INSERT INTO categories_name(category_name) VALUES ("Elektromos főzőedény");
INSERT INTO categories_name(category_name) VALUES ("Minisütő");
INSERT INTO categories_name(category_name) VALUES ("Vízforraló");
INSERT INTO categories_name(category_name) VALUES ("Szeletelőgép");
INSERT INTO categories_name(category_name) VALUES ("Takarítóeszköz");
INSERT INTO categories_name(category_name) VALUES ("Háztartási gépek kiegészítői");
INSERT INTO categories_name(category_name) VALUES ("Hajszárító");
INSERT INTO categories_name(category_name) VALUES ("Szabadonálló borhűtő");
INSERT INTO categories_name(category_name) VALUES ("Porszívó, takarítógép");
INSERT INTO categories_name(category_name) VALUES ("Joghurtkészítő gép");
INSERT IGNORE INTO categories(product_id,category_id) SELECT id,category_id FROM products WHERE category_id IS NOT NULL;
INSERT INTO customers(name,email,company,company_name,same_address,tax_number) VALUES ("Jhon Doe","jhon_doe@gmail.com",1,"SzélKasza Bt.",0,"111111-1-11");
INSERT INTO customers(name,email,company,company_name,same_address,tax_number) VALUES ("Jane Doe","jane_doe@gmail.com",0,NULL,1,NULL);
INSERT INTO address(customer_id, zip, city, street, billing_address) VALUES (1,1000,"Budapest","Gyár utca 2.",0);
INSERT INTO address(customer_id, zip, city, street, billing_address) VALUES (1,5000,"Szeged","Gyár utca 2.",1);
